bowler,batting_team,runs_conceded,balls,wickets,economy
A Ashish Reddy,Chennai Super Kings,16.0,13,1.0,7.384615384615385
A Ashish Reddy,Delhi Capitals,29.0,12,0.0,14.5
A Ashish Reddy,Mumbai Indians,11.0,14,1.0,4.714285714285714
A Ashish Reddy,Punjab Kings,40.0,25,2.0,9.600000000000001
A Ashish Reddy,Rising Pune Supergiant,64.0,43,3.0,8.930232558139535
A Ashish Reddy,Royal Challengers Bangalore,36.0,25,1.0,8.64
A Chandila,Royal Challengers Bangalore,29.0,24,0.0,7.25
A Flintoff,Delhi Capitals,50.0,24,0.0,12.5
A Flintoff,Mumbai Indians,45.0,24,1.0,11.25
A Flintoff,Royal Challengers Bangalore,11.0,18,1.0,3.666666666666667
A Kumble,Chennai Super Kings,121.0,145,7.0,5.006896551724138
A Kumble,Delhi Capitals,127.0,122,5.0,6.245901639344262
A Kumble,Kolkata Knight Riders,104.0,115,4.0,5.426086956521739
A Kumble,Mumbai Indians,187.0,135,3.0,8.31111111111111
A Kumble,Punjab Kings,193.0,145,4.0,7.9862068965517246
A Kumble,Rajasthan Royals,113.0,128,9.0,5.296875
A Kumble,Sunrisers Hyderabad,244.0,193,13.0,7.585492227979275
A Mishra,Chennai Super Kings,114.0,94,3.0,7.276595744680852
A Mishra,Delhi Capitals,153.0,86,2.0,10.674418604651162
A Mishra,Kochi Tuskers Kerala,14.0,24,1.0,3.5
A Mishra,Kolkata Knight Riders,177.0,185,8.0,5.7405405405405405
A Mishra,Mumbai Indians,258.0,215,6.0,7.199999999999999
A Mishra,Punjab Kings,119.0,120,9.0,5.95
A Mishra,Rajasthan Royals,251.0,196,17.0,7.683673469387754
A Mishra,Rising Pune Supergiant,99.0,83,3.0,7.156626506024097
A Mishra,Royal Challengers Bangalore,147.0,124,9.0,7.112903225806452
A Mishra,Sunrisers Hyderabad,150.0,133,11.0,6.766917293233083
A Mithun,Chennai Super Kings,89.0,57,2.0,9.368421052631579
A Mithun,Delhi Capitals,76.0,49,3.0,9.306122448979592
A Mithun,Kochi Tuskers Kerala,40.0,27,1.0,8.88888888888889
A Mithun,Kolkata Knight Riders,14.0,14,0.0,6.0
A Mithun,Mumbai Indians,99.0,58,0.0,10.241379310344827
A Mithun,Punjab Kings,60.0,39,0.0,9.230769230769232
A Mithun,Rising Pune Supergiant,28.0,24,0.0,7.0
A Mithun,Sunrisers Hyderabad,34.0,19,0.0,10.736842105263158
A Nehra,Chennai Super Kings,224.0,176,11.0,7.636363636363637
A Nehra,Delhi Capitals,117.0,89,4.0,7.887640449438203
A Nehra,Kolkata Knight Riders,79.0,79,3.0,6.0
A Nehra,Mumbai Indians,81.0,77,5.0,6.311688311688312
A Nehra,Punjab Kings,113.0,109,4.0,6.220183486238533
A Nehra,Rajasthan Royals,99.0,99,5.0,6.0
A Nehra,Royal Challengers Bangalore,176.0,120,6.0,8.799999999999999
A Nehra,Sunrisers Hyderabad,277.0,185,7.0,8.983783783783784
A Nel,Delhi Capitals,31.0,18,1.0,10.333333333333334
A Singh,Chennai Super Kings,112.0,67,2.0,10.029850746268657
A Singh,Delhi Capitals,100.0,74,3.0,8.108108108108109
A Singh,Kochi Tuskers Kerala,30.0,25,1.0,7.199999999999999
A Singh,Kolkata Knight Riders,114.0,91,4.0,7.516483516483516
A Singh,Mumbai Indians,63.0,61,5.0,6.19672131147541
A Singh,Punjab Kings,39.0,49,4.0,4.775510204081632
A Singh,Rising Pune Supergiant,29.0,18,0.0,9.666666666666668
A Singh,Royal Challengers Bangalore,62.0,49,6.0,7.591836734693878
A Singh,Sunrisers Hyderabad,90.0,52,3.0,10.384615384615385
A Symonds,Chennai Super Kings,76.0,67,4.0,6.8059701492537314
A Symonds,Delhi Capitals,127.0,98,5.0,7.775510204081632
A Symonds,Kolkata Knight Riders,108.0,89,3.0,7.280898876404494
A Symonds,Mumbai Indians,73.0,50,0.0,8.76
A Symonds,Punjab Kings,80.0,62,3.0,7.741935483870968
A Symonds,Rajasthan Royals,105.0,65,0.0,9.692307692307693
A Symonds,Rising Pune Supergiant,7.0,6,0.0,7.0
A Symonds,Royal Challengers Bangalore,118.0,103,5.0,6.87378640776699
A Uniyal,Delhi Capitals,26.0,12,0.0,13.0
A Uniyal,Mumbai Indians,41.0,26,2.0,9.461538461538462
AA Chavan,Delhi Capitals,62.0,49,2.0,7.591836734693878
AA Chavan,Kochi Tuskers Kerala,14.0,6,0.0,14.0
AA Chavan,Kolkata Knight Riders,56.0,47,2.0,7.148936170212766
AA Chavan,Mumbai Indians,61.0,48,1.0,7.625
AA Chavan,Punjab Kings,61.0,36,2.0,10.166666666666666
AA Chavan,Rising Pune Supergiant,22.0,13,0.0,10.153846153846153
AA Jhunjhunwala,Chennai Super Kings,32.0,30,1.0,6.4
AA Jhunjhunwala,Delhi Capitals,13.0,8,0.0,9.75
AA Jhunjhunwala,Mumbai Indians,33.0,18,0.0,11.0
AA Jhunjhunwala,Punjab Kings,23.0,18,0.0,7.666666666666666
AA Jhunjhunwala,Sunrisers Hyderabad,16.0,8,0.0,12.0
AA Kazi,Rajasthan Royals,21.0,13,0.0,9.692307692307693
AA Noffke,Kolkata Knight Riders,41.0,25,1.0,9.84
AB Agarkar,Chennai Super Kings,146.0,97,2.0,9.030927835051546
AB Agarkar,Delhi Capitals,111.0,75,2.0,8.879999999999999
AB Agarkar,Kochi Tuskers Kerala,42.0,42,2.0,6.0
AB Agarkar,Kolkata Knight Riders,34.0,25,1.0,8.16
AB Agarkar,Mumbai Indians,131.0,113,5.0,6.955752212389381
AB Agarkar,Punjab Kings,173.0,110,5.0,9.436363636363637
AB Agarkar,Rajasthan Royals,141.0,98,3.0,8.63265306122449
AB Agarkar,Royal Challengers Bangalore,123.0,86,4.0,8.58139534883721
AB Agarkar,Sunrisers Hyderabad,180.0,111,5.0,9.72972972972973
AB Dinda,Chennai Super Kings,120.0,95,2.0,7.578947368421052
AB Dinda,Delhi Capitals,69.0,62,3.0,6.677419354838709
AB Dinda,Kolkata Knight Riders,28.0,13,0.0,12.923076923076923
AB Dinda,Mumbai Indians,150.0,144,8.0,6.25
AB Dinda,Punjab Kings,155.0,121,4.0,7.68595041322314
AB Dinda,Rajasthan Royals,164.0,146,5.0,6.739726027397261
AB Dinda,Rising Pune Supergiant,43.0,25,2.0,10.32
AB Dinda,Royal Challengers Bangalore,109.0,108,6.0,6.055555555555555
AB Dinda,Sunrisers Hyderabad,108.0,86,6.0,7.534883720930233
AB McDonald,Chennai Super Kings,23.0,12,0.0,11.5
AB McDonald,Delhi Capitals,11.0,12,1.0,5.5
AB McDonald,Kolkata Knight Riders,37.0,25,2.0,8.879999999999999
AB McDonald,Mumbai Indians,42.0,24,1.0,10.5
AB McDonald,Punjab Kings,52.0,49,4.0,6.36734693877551
AB McDonald,Rajasthan Royals,17.0,12,0.0,8.5
AB McDonald,Royal Challengers Bangalore,64.0,42,2.0,9.142857142857142
AC Thomas,Chennai Super Kings,53.0,48,2.0,6.625
AC Thomas,Delhi Capitals,76.0,67,3.0,6.8059701492537314
AC Thomas,Kochi Tuskers Kerala,31.0,18,1.0,10.333333333333334
AC Thomas,Kolkata Knight Riders,29.0,19,1.0,9.157894736842106
AC Thomas,Mumbai Indians,70.0,51,2.0,8.235294117647058
AC Thomas,Punjab Kings,27.0,25,2.0,6.48
AC Thomas,Rajasthan Royals,28.0,25,1.0,6.720000000000001
AC Thomas,Royal Challengers Bangalore,43.0,38,2.0,6.789473684210526
AC Thomas,Sunrisers Hyderabad,33.0,24,0.0,8.25
AC Voges,Chennai Super Kings,8.0,6,0.0,8.0
AC Voges,Delhi Capitals,9.0,7,0.0,7.714285714285715
AC Voges,Kolkata Knight Riders,21.0,13,0.0,9.692307692307693
AC Voges,Punjab Kings,12.0,12,0.0,6.0
AC Voges,Royal Challengers Bangalore,17.0,6,0.0,17.0
AC Voges,Sunrisers Hyderabad,9.0,12,0.0,4.5
AD Mascarenhas,Chennai Super Kings,26.0,20,0.0,7.800000000000001
AD Mascarenhas,Delhi Capitals,91.0,73,6.0,7.479452054794521
AD Mascarenhas,Kolkata Knight Riders,88.0,72,2.0,7.333333333333334
AD Mascarenhas,Mumbai Indians,34.0,24,2.0,8.5
AD Mascarenhas,Punjab Kings,29.0,24,0.0,7.25
AD Mascarenhas,Rising Pune Supergiant,52.0,49,6.0,6.36734693877551
AD Mascarenhas,Royal Challengers Bangalore,20.0,24,3.0,5.0
AD Mathews,Chennai Super Kings,74.0,43,1.0,10.325581395348838
AD Mathews,Delhi Capitals,87.0,43,0.0,12.13953488372093
AD Mathews,Kolkata Knight Riders,19.0,24,2.0,4.75
AD Mathews,Mumbai Indians,29.0,22,0.0,7.909090909090908
AD Mathews,Punjab Kings,78.0,60,2.0,7.800000000000001
AD Mathews,Rajasthan Royals,48.0,36,0.0,8.0
AD Mathews,Royal Challengers Bangalore,116.0,85,6.0,8.188235294117646
AD Mathews,Sunrisers Hyderabad,52.0,51,2.0,6.117647058823529
AD Russell,Sunrisers Hyderabad,39.0,24,0.0,9.75
AG Murtaza,Delhi Capitals,41.0,49,3.0,5.020408163265307
AG Murtaza,Kochi Tuskers Kerala,37.0,25,0.0,8.879999999999999
AG Murtaza,Kolkata Knight Riders,27.0,25,0.0,6.48
AG Murtaza,Rajasthan Royals,61.0,48,1.0,7.625
AG Murtaza,Rising Pune Supergiant,18.0,24,2.0,4.5
AG Murtaza,Royal Challengers Bangalore,31.0,24,0.0,7.75
AJ Finch,Kolkata Knight Riders,5.0,7,0.0,4.285714285714286
AJ Finch,Mumbai Indians,13.0,13,0.0,6.0
AL Menaria,Chennai Super Kings,40.0,32,0.0,7.5
AL Menaria,Delhi Capitals,10.0,2,0.0,30.0
AL Menaria,Kolkata Knight Riders,21.0,19,1.0,6.631578947368421
AL Menaria,Mumbai Indians,32.0,30,2.0,6.4
AL Menaria,Punjab Kings,7.0,6,0.0,7.0
AL Menaria,Rising Pune Supergiant,10.0,6,0.0,10.0
AL Menaria,Royal Challengers Bangalore,16.0,12,0.0,8.0
AL Menaria,Sunrisers Hyderabad,8.0,6,0.0,8.0
AM Nayar,Chennai Super Kings,38.0,18,0.0,12.666666666666668
AM Nayar,Delhi Capitals,47.0,24,1.0,11.75
AM Nayar,Kolkata Knight Riders,33.0,37,4.0,5.351351351351351
AM Nayar,Rajasthan Royals,7.0,12,0.0,3.5
AM Nayar,Rising Pune Supergiant,27.0,21,1.0,7.714285714285715
AM Nayar,Royal Challengers Bangalore,61.0,46,0.0,7.956521739130434
AM Nayar,Sunrisers Hyderabad,51.0,31,1.0,9.870967741935484
AM Rahane,Punjab Kings,5.0,6,1.0,5.0
AM Salvi,Chennai Super Kings,41.0,19,0.0,12.947368421052632
AM Salvi,Mumbai Indians,28.0,26,1.0,6.461538461538462
AM Salvi,Punjab Kings,58.0,37,3.0,9.405405405405405
AM Salvi,Rajasthan Royals,22.0,25,2.0,5.28
AM Salvi,Royal Challengers Bangalore,30.0,24,0.0,7.5
AM Salvi,Sunrisers Hyderabad,26.0,25,1.0,6.24
AN Ahmed,Chennai Super Kings,63.0,40,0.0,9.45
AN Ahmed,Kolkata Knight Riders,32.0,24,2.0,8.0
AN Ahmed,Punjab Kings,24.0,18,0.0,8.0
AN Ahmed,Rising Pune Supergiant,19.0,18,2.0,6.333333333333334
AN Ahmed,Royal Challengers Bangalore,56.0,30,1.0,11.2
AN Ahmed,Sunrisers Hyderabad,27.0,25,0.0,6.48
AP Dole,Mumbai Indians,34.0,21,1.0,9.714285714285715
AP Dole,Punjab Kings,36.0,26,2.0,8.307692307692307
AP Dole,Sunrisers Hyderabad,44.0,26,2.0,10.153846153846153
AS Raut,Delhi Capitals,11.0,6,0.0,11.0
AS Raut,Punjab Kings,8.0,6,0.0,8.0
AS Raut,Royal Challengers Bangalore,6.0,6,0.0,6.0
AS Raut,Sunrisers Hyderabad,20.0,12,0.0,10.0
AUK Pathan,Kochi Tuskers Kerala,19.0,14,0.0,8.142857142857142
AUK Pathan,Mumbai Indians,30.0,21,0.0,8.571428571428571
AUK Pathan,Punjab Kings,14.0,6,0.0,14.0
Abdur Razzak,Rajasthan Royals,29.0,14,0.0,12.42857142857143
Anand Rajan,Kolkata Knight Riders,12.0,13,1.0,5.538461538461538
Anand Rajan,Mumbai Indians,38.0,34,3.0,6.705882352941177
Anand Rajan,Punjab Kings,23.0,13,0.0,10.615384615384615
Anand Rajan,Rajasthan Royals,45.0,26,1.0,10.384615384615385
Anand Rajan,Royal Challengers Bangalore,45.0,25,1.0,10.8
Ankit Sharma,Chennai Super Kings,43.0,30,1.0,8.6
Ankit Sharma,Delhi Capitals,34.0,20,0.0,10.2
Ankit Sharma,Kolkata Knight Riders,19.0,24,1.0,4.75
Ankit Sharma,Mumbai Indians,18.0,24,0.0,4.5
Ankit Sharma,Rajasthan Royals,33.0,25,0.0,7.92
Ankit Sharma,Rising Pune Supergiant,20.0,24,2.0,5.0
Anureet Singh,Chennai Super Kings,12.0,8,0.0,9.0
Anureet Singh,Rajasthan Royals,35.0,26,2.0,8.076923076923077
Azhar Mahmood,Chennai Super Kings,26.0,24,3.0,6.5
Azhar Mahmood,Mumbai Indians,63.0,48,2.0,7.875
Azhar Mahmood,Rajasthan Royals,37.0,25,0.0,8.879999999999999
Azhar Mahmood,Royal Challengers Bangalore,50.0,47,3.0,6.382978723404255
Azhar Mahmood,Sunrisers Hyderabad,31.0,26,0.0,7.153846153846153
B Akhil,Chennai Super Kings,40.0,36,0.0,6.666666666666667
B Akhil,Delhi Capitals,72.0,51,1.0,8.470588235294118
B Akhil,Kolkata Knight Riders,32.0,20,1.0,9.600000000000001
B Akhil,Mumbai Indians,39.0,37,2.0,6.324324324324324
B Akhil,Sunrisers Hyderabad,63.0,49,2.0,7.714285714285715
B Chipli,Delhi Capitals,20.0,6,0.0,20.0
B Geeves,Mumbai Indians,50.0,25,1.0,12.0
B Geeves,Rajasthan Royals,41.0,24,0.0,10.25
B Kumar,Chennai Super Kings,37.0,19,0.0,11.68421052631579
B Kumar,Kolkata Knight Riders,45.0,47,3.0,5.74468085106383
B Kumar,Mumbai Indians,23.0,30,2.0,4.6000000000000005
B Kumar,Punjab Kings,15.0,18,2.0,5.0
B Kumar,Rajasthan Royals,17.0,18,1.0,5.666666666666666
B Kumar,Royal Challengers Bangalore,56.0,37,0.0,9.08108108108108
B Kumar,Sunrisers Hyderabad,96.0,78,2.0,7.384615384615385
B Lee,Chennai Super Kings,96.0,97,2.0,5.938144329896907
B Lee,Delhi Capitals,132.0,114,5.0,6.947368421052632
B Lee,Kochi Tuskers Kerala,77.0,50,1.0,9.24
B Lee,Kolkata Knight Riders,43.0,25,0.0,10.32
B Lee,Mumbai Indians,176.0,145,3.0,7.2827586206896555
B Lee,Punjab Kings,54.0,50,2.0,6.48
B Lee,Rajasthan Royals,108.0,92,4.0,7.043478260869566
B Lee,Rising Pune Supergiant,29.0,24,0.0,7.25
B Lee,Royal Challengers Bangalore,134.0,93,1.0,8.64516129032258
B Lee,Sunrisers Hyderabad,101.0,101,3.0,6.0
BA Bhatt,Chennai Super Kings,48.0,31,0.0,9.29032258064516
BA Bhatt,Kochi Tuskers Kerala,36.0,26,0.0,8.307692307692307
BA Bhatt,Kolkata Knight Riders,83.0,69,4.0,7.217391304347826
BA Bhatt,Mumbai Indians,117.0,85,4.0,8.258823529411764
BA Bhatt,Rajasthan Royals,20.0,18,2.0,6.666666666666667
BA Bhatt,Rising Pune Supergiant,39.0,25,1.0,9.36
BA Bhatt,Sunrisers Hyderabad,33.0,18,0.0,11.0
BAW Mendis,Chennai Super Kings,38.0,24,0.0,9.5
BAW Mendis,Delhi Capitals,23.0,25,2.0,5.5200000000000005
BAW Mendis,Mumbai Indians,39.0,24,0.0,9.75
BAW Mendis,Punjab Kings,24.0,24,1.0,6.0
BAW Mendis,Rajasthan Royals,38.0,29,2.0,7.862068965517241
BAW Mendis,Royal Challengers Bangalore,66.0,50,1.0,7.92
BJ Hodge,Chennai Super Kings,44.0,36,2.0,7.333333333333334
BJ Hodge,Delhi Capitals,20.0,20,0.0,6.0
BJ Hodge,Mumbai Indians,42.0,30,2.0,8.399999999999999
BJ Hodge,Punjab Kings,48.0,31,1.0,9.29032258064516
BJ Hodge,Rajasthan Royals,47.0,36,4.0,7.833333333333334
BJ Hodge,Rising Pune Supergiant,14.0,13,2.0,6.461538461538462
BJ Hodge,Royal Challengers Bangalore,41.0,30,3.0,8.2
BJ Hodge,Sunrisers Hyderabad,51.0,36,3.0,8.5
BW Hilfenhaus,Mumbai Indians,34.0,24,2.0,8.5
BW Hilfenhaus,Rajasthan Royals,13.0,24,2.0,3.25
BW Hilfenhaus,Sunrisers Hyderabad,31.0,24,1.0,7.75
Bipul Sharma,Chennai Super Kings,11.0,6,0.0,11.0
Bipul Sharma,Kochi Tuskers Kerala,33.0,25,2.0,7.92
Bipul Sharma,Kolkata Knight Riders,9.0,14,0.0,3.8571428571428577
Bipul Sharma,Mumbai Indians,38.0,39,2.0,5.846153846153846
Bipul Sharma,Rajasthan Royals,41.0,32,0.0,7.6875
Bipul Sharma,Rising Pune Supergiant,42.0,16,0.0,15.75
Bipul Sharma,Royal Challengers Bangalore,63.0,42,2.0,9.0
Bipul Sharma,Sunrisers Hyderabad,19.0,12,1.0,9.5
C Ganapathy,Royal Challengers Bangalore,13.0,6,0.0,13.0
C Nanda,Chennai Super Kings,22.0,20,0.0,6.6000000000000005
C Nanda,Rajasthan Royals,4.0,6,1.0,4.0
C Nanda,Royal Challengers Bangalore,32.0,24,1.0,8.0
CH Gayle,Chennai Super Kings,126.0,87,3.0,8.689655172413794
CH Gayle,Delhi Capitals,58.0,36,1.0,9.666666666666668
CH Gayle,Kochi Tuskers Kerala,26.0,29,1.0,5.379310344827586
CH Gayle,Kolkata Knight Riders,20.0,19,0.0,6.315789473684211
CH Gayle,Mumbai Indians,88.0,81,1.0,6.518518518518518
CH Gayle,Punjab Kings,137.0,101,4.0,8.138613861386139
CH Gayle,Rajasthan Royals,64.0,53,1.0,7.245283018867925
CH Gayle,Rising Pune Supergiant,9.0,12,1.0,4.5
CH Gayle,Royal Challengers Bangalore,31.0,23,0.0,8.08695652173913
CH Gayle,Sunrisers Hyderabad,29.0,18,1.0,9.666666666666668
CJ McKay,Delhi Capitals,24.0,18,0.0,8.0
CJ McKay,Punjab Kings,36.0,24,1.0,9.0
CK Kapugedera,Delhi Capitals,15.0,6,0.0,15.0
CK Kapugedera,Mumbai Indians,26.0,5,0.0,31.200000000000003
CK Kapugedera,Punjab Kings,8.0,6,0.0,8.0
CK Langeveldt,Delhi Capitals,35.0,19,2.0,11.052631578947368
CK Langeveldt,Kolkata Knight Riders,15.0,18,2.0,5.0
CK Langeveldt,Punjab Kings,51.0,27,2.0,11.333333333333332
CK Langeveldt,Rajasthan Royals,41.0,50,4.0,4.92
CK Langeveldt,Royal Challengers Bangalore,27.0,24,1.0,6.75
CK Langeveldt,Sunrisers Hyderabad,30.0,27,2.0,6.666666666666667
CL White,Delhi Capitals,19.0,7,0.0,16.285714285714285
CL White,Kolkata Knight Riders,32.0,15,0.0,12.8
CL White,Mumbai Indians,19.0,12,0.0,9.5
CRD Fernando,Chennai Super Kings,25.0,26,2.0,5.769230769230769
CRD Fernando,Delhi Capitals,33.0,25,2.0,7.92
CRD Fernando,Kolkata Knight Riders,73.0,46,1.0,9.521739130434781
CRD Fernando,Punjab Kings,36.0,24,1.0,9.0
CRD Fernando,Rajasthan Royals,29.0,27,2.0,6.444444444444445
CRD Fernando,Royal Challengers Bangalore,71.0,75,7.0,5.68
CRD Fernando,Sunrisers Hyderabad,39.0,26,2.0,9.0
D Kalyankrishna,Mumbai Indians,23.0,12,0.0,11.5
D Kalyankrishna,Punjab Kings,35.0,20,1.0,10.5
D Kalyankrishna,Rajasthan Royals,30.0,18,1.0,10.0
D Salunkhe,Chennai Super Kings,15.0,7,0.0,12.857142857142858
D Salunkhe,Delhi Capitals,11.0,7,0.0,9.428571428571429
D Salunkhe,Punjab Kings,45.0,31,1.0,8.70967741935484
D Salunkhe,Sunrisers Hyderabad,9.0,6,0.0,9.0
D du Preez,Mumbai Indians,32.0,25,3.0,7.68
D du Preez,Rajasthan Royals,24.0,18,1.0,8.0
DAJ Bracewell,Royal Challengers Bangalore,32.0,25,3.0,7.68
DB Ravi Teja,Kolkata Knight Riders,9.0,6,0.0,9.0
DB Ravi Teja,Royal Challengers Bangalore,19.0,12,1.0,9.5
DE Bollinger,Delhi Capitals,81.0,61,3.0,7.967213114754098
DE Bollinger,Kochi Tuskers Kerala,58.0,45,2.0,7.733333333333334
DE Bollinger,Kolkata Knight Riders,22.0,30,2.0,4.3999999999999995
DE Bollinger,Mumbai Indians,137.0,99,5.0,8.303030303030303
DE Bollinger,Punjab Kings,39.0,25,0.0,9.36
DE Bollinger,Rajasthan Royals,101.0,101,6.0,6.0
DE Bollinger,Rising Pune Supergiant,74.0,68,6.0,6.529411764705882
DE Bollinger,Royal Challengers Bangalore,112.0,88,5.0,7.636363636363637
DE Bollinger,Sunrisers Hyderabad,92.0,83,8.0,6.650602409638554
DJ Bravo,Chennai Super Kings,189.0,125,5.0,9.072
DJ Bravo,Delhi Capitals,95.0,75,5.0,7.6
DJ Bravo,Kochi Tuskers Kerala,36.0,26,1.0,8.307692307692307
DJ Bravo,Kolkata Knight Riders,143.0,126,7.0,6.809523809523809
DJ Bravo,Mumbai Indians,55.0,45,3.0,7.333333333333334
DJ Bravo,Punjab Kings,118.0,95,4.0,7.4526315789473685
DJ Bravo,Rajasthan Royals,151.0,101,4.0,8.97029702970297
DJ Bravo,Rising Pune Supergiant,61.0,44,2.0,8.318181818181818
DJ Bravo,Royal Challengers Bangalore,190.0,146,3.0,7.808219178082192
DJ Bravo,Sunrisers Hyderabad,180.0,138,7.0,7.826086956521739
DJ Harris,Chennai Super Kings,11.0,6,0.0,11.0
DJ Harris,Punjab Kings,15.0,12,0.0,7.5
DJ Hussey,Chennai Super Kings,56.0,37,1.0,9.08108108108108
DJ Hussey,Delhi Capitals,43.0,30,1.0,8.6
DJ Hussey,Kolkata Knight Riders,19.0,12,0.0,9.5
DJ Hussey,Mumbai Indians,26.0,18,0.0,8.666666666666666
DJ Hussey,Punjab Kings,83.0,54,1.0,9.222222222222221
DJ Hussey,Rajasthan Royals,26.0,12,0.0,13.0
DJ Hussey,Royal Challengers Bangalore,20.0,18,0.0,6.666666666666667
DJ Hussey,Sunrisers Hyderabad,43.0,31,3.0,8.322580645161292
DJ Thornely,Chennai Super Kings,10.0,7,0.0,8.571428571428571
DJ Thornely,Delhi Capitals,15.0,12,1.0,7.5
DJ Thornely,Kolkata Knight Riders,7.0,19,2.0,2.2105263157894735
DJ Thornely,Sunrisers Hyderabad,8.0,6,0.0,8.0
DL Vettori,Chennai Super Kings,178.0,142,4.0,7.521126760563381
DL Vettori,Delhi Capitals,55.0,50,2.0,6.6000000000000005
DL Vettori,Kochi Tuskers Kerala,41.0,48,3.0,5.125
DL Vettori,Kolkata Knight Riders,110.0,92,4.0,7.173913043478261
DL Vettori,Mumbai Indians,37.0,48,3.0,4.625
DL Vettori,Punjab Kings,125.0,133,4.0,5.639097744360902
DL Vettori,Rajasthan Royals,110.0,84,2.0,7.857142857142858
DL Vettori,Rising Pune Supergiant,57.0,48,2.0,7.125
DL Vettori,Royal Challengers Bangalore,126.0,96,3.0,7.875
DL Vettori,Sunrisers Hyderabad,55.0,44,1.0,7.5
DNT Zoysa,Mumbai Indians,67.0,45,1.0,8.933333333333334
DNT Zoysa,Punjab Kings,33.0,24,1.0,8.25
DP Nannes,Chennai Super Kings,103.0,99,5.0,6.242424242424242
DP Nannes,Kochi Tuskers Kerala,31.0,19,1.0,9.789473684210526
DP Nannes,Kolkata Knight Riders,79.0,71,3.0,6.67605633802817
DP Nannes,Mumbai Indians,97.0,86,6.0,6.767441860465116
DP Nannes,Punjab Kings,45.0,47,2.0,5.74468085106383
DP Nannes,Rajasthan Royals,86.0,75,2.0,6.880000000000001
DP Nannes,Royal Challengers Bangalore,61.0,49,1.0,7.469387755102041
DP Nannes,Sunrisers Hyderabad,148.0,117,4.0,7.589743589743589
DP Vijaykumar,Chennai Super Kings,50.0,39,2.0,7.692307692307693
DP Vijaykumar,Delhi Capitals,24.0,24,1.0,6.0
DP Vijaykumar,Kolkata Knight Riders,21.0,19,1.0,6.631578947368421
DP Vijaykumar,Mumbai Indians,26.0,17,0.0,9.176470588235293
DP Vijaykumar,Punjab Kings,24.0,12,0.0,12.0
DP Vijaykumar,Rajasthan Royals,10.0,6,0.0,10.0
DP Vijaykumar,Royal Challengers Bangalore,50.0,42,0.0,7.142857142857142
DR Smith,Chennai Super Kings,79.0,37,0.0,12.81081081081081
DR Smith,Delhi Capitals,56.0,49,3.0,6.857142857142857
DR Smith,Mumbai Indians,30.0,18,0.0,10.0
DR Smith,Punjab Kings,19.0,13,0.0,8.769230769230768
DR Smith,Rajasthan Royals,64.0,47,1.0,8.170212765957446
DR Smith,Royal Challengers Bangalore,26.0,25,3.0,6.24
DS Kulkarni,Chennai Super Kings,103.0,72,5.0,8.583333333333334
DS Kulkarni,Delhi Capitals,116.0,97,4.0,7.175257731958762
DS Kulkarni,Kolkata Knight Riders,53.0,45,1.0,7.066666666666666
DS Kulkarni,Punjab Kings,93.0,57,3.0,9.789473684210526
DS Kulkarni,Rajasthan Royals,109.0,80,3.0,8.175
DS Kulkarni,Rising Pune Supergiant,20.0,25,0.0,4.800000000000001
DS Kulkarni,Royal Challengers Bangalore,78.0,65,2.0,7.199999999999999
DS Kulkarni,Sunrisers Hyderabad,75.0,63,4.0,7.142857142857142
DT Christian,Chennai Super Kings,74.0,67,3.0,6.6268656716417915
DT Christian,Delhi Capitals,104.0,78,4.0,8.0
DT Christian,Kochi Tuskers Kerala,12.0,19,0.0,3.789473684210526
DT Christian,Kolkata Knight Riders,60.0,41,1.0,8.78048780487805
DT Christian,Mumbai Indians,135.0,89,1.0,9.101123595505618
DT Christian,Punjab Kings,50.0,35,2.0,8.571428571428571
DT Christian,Rajasthan Royals,68.0,44,1.0,9.272727272727273
DT Christian,Rising Pune Supergiant,34.0,37,4.0,5.513513513513514
DT Christian,Royal Challengers Bangalore,24.0,26,1.0,5.538461538461538
DW Steyn,Chennai Super Kings,201.0,185,6.0,6.518918918918919
DW Steyn,Delhi Capitals,170.0,151,7.0,6.754966887417218
DW Steyn,Kochi Tuskers Kerala,16.0,23,3.0,4.173913043478261
DW Steyn,Kolkata Knight Riders,184.0,150,8.0,7.359999999999999
DW Steyn,Mumbai Indians,164.0,181,11.0,5.43646408839779
DW Steyn,Punjab Kings,161.0,129,3.0,7.488372093023256
DW Steyn,Rajasthan Royals,102.0,112,3.0,5.464285714285714
DW Steyn,Rising Pune Supergiant,100.0,75,1.0,8.0
DW Steyn,Royal Challengers Bangalore,55.0,44,3.0,7.5
DW Steyn,Sunrisers Hyderabad,131.0,141,7.0,5.574468085106383
F du Plessis,Sunrisers Hyderabad,16.0,6,0.0,16.0
FH Edwards,Chennai Super Kings,21.0,24,1.0,5.25
FH Edwards,Delhi Capitals,45.0,26,0.0,10.384615384615385
FH Edwards,Kolkata Knight Riders,9.0,24,0.0,2.25
FH Edwards,Mumbai Indians,27.0,28,2.0,5.785714285714286
FH Edwards,Rajasthan Royals,19.0,23,1.0,4.956521739130435
FH Edwards,Royal Challengers Bangalore,39.0,25,1.0,9.36
FY Fazal,Kolkata Knight Riders,14.0,6,0.0,14.0
FY Fazal,Punjab Kings,6.0,6,0.0,6.0
GB Hogg,Chennai Super Kings,18.0,24,1.0,4.5
GB Hogg,Delhi Capitals,66.0,49,3.0,8.081632653061224
GB Hogg,Kolkata Knight Riders,24.0,25,1.0,5.76
GB Hogg,Mumbai Indians,31.0,24,2.0,7.75
GB Hogg,Royal Challengers Bangalore,59.0,50,3.0,7.08
GB Hogg,Sunrisers Hyderabad,33.0,24,0.0,8.25
GD McGrath,Chennai Super Kings,45.0,48,1.0,5.625
GD McGrath,Kolkata Knight Riders,24.0,24,0.0,6.0
GD McGrath,Mumbai Indians,67.0,49,0.0,8.204081632653061
GD McGrath,Punjab Kings,49.0,36,2.0,8.166666666666668
GD McGrath,Rajasthan Royals,71.0,75,1.0,5.68
GD McGrath,Royal Challengers Bangalore,44.0,49,6.0,5.387755102040816
GD McGrath,Sunrisers Hyderabad,66.0,48,2.0,8.25
GJ Maxwell,Kolkata Knight Riders,12.0,7,0.0,10.285714285714285
GJ Maxwell,Royal Challengers Bangalore,10.0,12,1.0,5.0
GR Napier,Kolkata Knight Riders,28.0,24,1.0,7.0
Gagandeep Singh,Kolkata Knight Riders,43.0,24,1.0,10.75
Gagandeep Singh,Royal Challengers Bangalore,28.0,18,0.0,9.333333333333334
Gagandeep Singh,Sunrisers Hyderabad,71.0,42,2.0,10.142857142857142
HV Patel,Delhi Capitals,10.0,12,0.0,5.0
HV Patel,Kolkata Knight Riders,81.0,42,1.0,11.571428571428571
HV Patel,Mumbai Indians,28.0,24,2.0,7.0
HV Patel,Punjab Kings,46.0,25,1.0,11.040000000000001
HV Patel,Rajasthan Royals,33.0,25,2.0,7.92
HV Patel,Rising Pune Supergiant,31.0,24,1.0,7.75
Harbhajan Singh,Chennai Super Kings,194.0,194,8.0,6.0
Harbhajan Singh,Delhi Capitals,166.0,158,12.0,6.30379746835443
Harbhajan Singh,Kochi Tuskers Kerala,33.0,24,0.0,8.25
Harbhajan Singh,Kolkata Knight Riders,111.0,104,2.0,6.403846153846153
Harbhajan Singh,Punjab Kings,234.0,211,7.0,6.654028436018956
Harbhajan Singh,Rajasthan Royals,143.0,105,2.0,8.17142857142857
Harbhajan Singh,Rising Pune Supergiant,52.0,61,4.0,5.114754098360655
Harbhajan Singh,Royal Challengers Bangalore,265.0,213,9.0,7.464788732394366
Harbhajan Singh,Sunrisers Hyderabad,187.0,177,9.0,6.338983050847457
Harmeet Singh,Chennai Super Kings,72.0,67,3.0,6.447761194029851
Harmeet Singh,Delhi Capitals,87.0,68,4.0,7.6764705882352935
Harmeet Singh,Kolkata Knight Riders,140.0,98,2.0,8.571428571428571
Harmeet Singh,Mumbai Indians,47.0,24,0.0,11.75
Harmeet Singh,Rajasthan Royals,48.0,45,3.0,6.4
Harmeet Singh,Rising Pune Supergiant,50.0,41,5.0,7.317073170731707
Harmeet Singh,Royal Challengers Bangalore,158.0,117,4.0,8.102564102564102
I Malhotra,Delhi Capitals,23.0,6,0.0,23.0
I Sharma,Chennai Super Kings,125.0,81,1.0,9.25925925925926
I Sharma,Delhi Capitals,117.0,102,5.0,6.88235294117647
I Sharma,Kochi Tuskers Kerala,13.0,19,5.0,4.105263157894737
I Sharma,Kolkata Knight Riders,66.0,43,0.0,9.209302325581396
I Sharma,Mumbai Indians,238.0,167,9.0,8.550898203592814
I Sharma,Punjab Kings,168.0,126,3.0,8.0
I Sharma,Rajasthan Royals,151.0,119,6.0,7.61344537815126
I Sharma,Rising Pune Supergiant,44.0,36,0.0,7.333333333333334
I Sharma,Royal Challengers Bangalore,189.0,171,5.0,6.631578947368421
I Sharma,Sunrisers Hyderabad,106.0,107,2.0,5.94392523364486
IK Pathan,Chennai Super Kings,313.0,216,9.0,8.694444444444445
IK Pathan,Delhi Capitals,127.0,120,8.0,6.35
IK Pathan,Kochi Tuskers Kerala,67.0,52,2.0,7.730769230769232
IK Pathan,Kolkata Knight Riders,252.0,193,6.0,7.834196891191709
IK Pathan,Mumbai Indians,242.0,234,12.0,6.205128205128206
IK Pathan,Punjab Kings,54.0,43,4.0,7.534883720930233
IK Pathan,Rajasthan Royals,242.0,188,7.0,7.723404255319148
IK Pathan,Rising Pune Supergiant,79.0,68,1.0,6.970588235294118
IK Pathan,Royal Challengers Bangalore,244.0,174,8.0,8.413793103448276
IK Pathan,Sunrisers Hyderabad,274.0,197,7.0,8.345177664974619
Iqbal Abdulla,Chennai Super Kings,82.0,82,2.0,6.0
Iqbal Abdulla,Delhi Capitals,86.0,73,4.0,7.068493150684931
Iqbal Abdulla,Kochi Tuskers Kerala,40.0,36,0.0,6.666666666666667
Iqbal Abdulla,Mumbai Indians,50.0,42,1.0,7.142857142857142
Iqbal Abdulla,Punjab Kings,31.0,36,2.0,5.166666666666667
Iqbal Abdulla,Rajasthan Royals,48.0,43,1.0,6.697674418604651
Iqbal Abdulla,Rising Pune Supergiant,39.0,44,2.0,5.318181818181818
Iqbal Abdulla,Royal Challengers Bangalore,30.0,31,1.0,5.806451612903226
Iqbal Abdulla,Sunrisers Hyderabad,60.0,48,5.0,7.5
J Botha,Chennai Super Kings,68.0,73,2.0,5.58904109589041
J Botha,Delhi Capitals,59.0,49,1.0,7.224489795918368
J Botha,Kochi Tuskers Kerala,19.0,25,1.0,4.5600000000000005
J Botha,Kolkata Knight Riders,88.0,87,4.0,6.06896551724138
J Botha,Mumbai Indians,87.0,69,3.0,7.565217391304348
J Botha,Punjab Kings,60.0,49,2.0,7.346938775510204
J Botha,Rising Pune Supergiant,51.0,48,2.0,6.375
J Botha,Royal Challengers Bangalore,73.0,48,1.0,9.125
J Botha,Sunrisers Hyderabad,61.0,48,0.0,7.625
J Syed Mohammad,Chennai Super Kings,39.0,18,1.0,13.0
J Syed Mohammad,Delhi Capitals,17.0,12,0.0,8.5
J Syed Mohammad,Kolkata Knight Riders,20.0,24,1.0,5.0
J Syed Mohammad,Mumbai Indians,65.0,49,2.0,7.959183673469387
J Syed Mohammad,Rising Pune Supergiant,26.0,13,1.0,12.0
J Syed Mohammad,Sunrisers Hyderabad,27.0,18,0.0,9.0
J Theron,Chennai Super Kings,74.0,57,5.0,7.7894736842105265
J Theron,Delhi Capitals,12.0,12,1.0,6.0
J Theron,Kolkata Knight Riders,36.0,25,1.0,8.64
J Theron,Punjab Kings,29.0,24,0.0,7.25
J Theron,Rajasthan Royals,50.0,37,0.0,8.108108108108109
J Theron,Rising Pune Supergiant,37.0,27,2.0,8.222222222222223
J Theron,Sunrisers Hyderabad,32.0,27,1.0,7.111111111111111
JA Morkel,Delhi Capitals,251.0,165,5.0,9.127272727272727
JA Morkel,Kochi Tuskers Kerala,17.0,12,0.0,8.5
JA Morkel,Kolkata Knight Riders,158.0,131,2.0,7.236641221374046
JA Morkel,Mumbai Indians,198.0,158,3.0,7.518987341772152
JA Morkel,Punjab Kings,228.0,158,11.0,8.658227848101266
JA Morkel,Rajasthan Royals,291.0,216,14.0,8.083333333333334
JA Morkel,Rising Pune Supergiant,52.0,39,3.0,8.0
JA Morkel,Royal Challengers Bangalore,341.0,264,15.0,7.75
JA Morkel,Sunrisers Hyderabad,254.0,190,10.0,8.021052631578947
JD Ryder,Chennai Super Kings,21.0,13,1.0,9.692307692307693
JD Ryder,Delhi Capitals,52.0,26,1.0,12.0
JD Ryder,Kochi Tuskers Kerala,8.0,12,1.0,4.0
JD Ryder,Kolkata Knight Riders,29.0,24,0.0,7.25
JD Ryder,Mumbai Indians,27.0,18,0.0,9.0
JD Ryder,Punjab Kings,99.0,86,2.0,6.906976744186046
JD Ryder,Rajasthan Royals,14.0,25,2.0,3.3600000000000003
JD Ryder,Royal Challengers Bangalore,20.0,12,0.0,10.0
JD Ryder,Sunrisers Hyderabad,29.0,19,1.0,9.157894736842106
JD Unadkat,Chennai Super Kings,11.0,6,0.0,11.0
JD Unadkat,Delhi Capitals,24.0,24,1.0,6.0
JD Unadkat,Kochi Tuskers Kerala,25.0,25,2.0,6.0
JD Unadkat,Mumbai Indians,27.0,24,1.0,6.75
JD Unadkat,Punjab Kings,64.0,32,0.0,12.0
JD Unadkat,Rajasthan Royals,26.0,24,3.0,6.5
JD Unadkat,Royal Challengers Bangalore,54.0,30,1.0,10.8
JD Unadkat,Sunrisers Hyderabad,37.0,26,2.0,8.538461538461538
JDP Oram,Delhi Capitals,14.0,6,0.0,14.0
JDP Oram,Kochi Tuskers Kerala,33.0,12,1.0,16.5
JDP Oram,Kolkata Knight Riders,32.0,24,3.0,8.0
JDP Oram,Mumbai Indians,83.0,50,1.0,9.959999999999999
JDP Oram,Punjab Kings,37.0,24,0.0,9.25
JDP Oram,Rajasthan Royals,36.0,30,2.0,7.199999999999999
JDP Oram,Royal Challengers Bangalore,57.0,42,2.0,8.142857142857142
JDP Oram,Sunrisers Hyderabad,42.0,30,0.0,8.399999999999999
JE Taylor,Chennai Super Kings,58.0,52,3.0,6.6923076923076925
JE Taylor,Mumbai Indians,39.0,24,2.0,9.75
JE Taylor,Rajasthan Royals,26.0,21,0.0,7.428571428571429
JE Taylor,Royal Challengers Bangalore,44.0,25,1.0,10.56
JEC Franklin,Chennai Super Kings,31.0,18,2.0,10.333333333333334
JEC Franklin,Delhi Capitals,9.0,6,0.0,9.0
JEC Franklin,Kolkata Knight Riders,45.0,30,2.0,9.0
JEC Franklin,Punjab Kings,5.0,7,1.0,4.285714285714286
JEC Franklin,Rajasthan Royals,26.0,14,0.0,11.142857142857142
JEC Franklin,Rising Pune Supergiant,64.0,44,1.0,8.727272727272727
JEC Franklin,Royal Challengers Bangalore,9.0,6,0.0,9.0
JEC Franklin,Sunrisers Hyderabad,18.0,18,2.0,6.0
JH Kallis,Chennai Super Kings,245.0,200,8.0,7.3500000000000005
JH Kallis,Delhi Capitals,227.0,178,6.0,7.651685393258426
JH Kallis,Kochi Tuskers Kerala,21.0,19,0.0,6.631578947368421
JH Kallis,Kolkata Knight Riders,158.0,94,3.0,10.085106382978724
JH Kallis,Mumbai Indians,210.0,152,5.0,8.289473684210526
JH Kallis,Punjab Kings,228.0,154,3.0,8.883116883116884
JH Kallis,Rajasthan Royals,201.0,176,4.0,6.8522727272727275
JH Kallis,Rising Pune Supergiant,34.0,25,1.0,8.16
JH Kallis,Royal Challengers Bangalore,56.0,57,6.0,5.894736842105263
JH Kallis,Sunrisers Hyderabad,212.0,160,4.0,7.949999999999999
JJ van der Wath,Chennai Super Kings,49.0,25,2.0,11.76
JJ van der Wath,Punjab Kings,55.0,24,0.0,13.75
JJ van der Wath,Sunrisers Hyderabad,30.0,27,1.0,6.666666666666667
JM Kemp,Delhi Capitals,15.0,6,0.0,15.0
JM Kemp,Kolkata Knight Riders,15.0,19,3.0,4.7368421052631575
JM Kemp,Punjab Kings,13.0,8,0.0,9.75
JM Kemp,Sunrisers Hyderabad,15.0,14,0.0,6.428571428571429
JP Duminy,Chennai Super Kings,31.0,31,0.0,6.0
JP Duminy,Delhi Capitals,73.0,58,1.0,7.551724137931034
JP Duminy,Kolkata Knight Riders,46.0,28,1.0,9.857142857142858
JP Duminy,Mumbai Indians,15.0,18,2.0,5.0
JP Duminy,Punjab Kings,99.0,99,5.0,6.0
JP Duminy,Rajasthan Royals,19.0,18,0.0,6.333333333333334
JP Duminy,Rising Pune Supergiant,90.0,64,1.0,8.4375
JP Faulkner,Delhi Capitals,10.0,12,1.0,5.0
JP Faulkner,Rajasthan Royals,43.0,25,2.0,10.32
JP Faulkner,Rising Pune Supergiant,31.0,24,1.0,7.75
JR Hopes,Chennai Super Kings,128.0,74,1.0,10.378378378378379
JR Hopes,Delhi Capitals,3.0,6,2.0,3.0
JR Hopes,Kolkata Knight Riders,85.0,57,2.0,8.947368421052632
JR Hopes,Mumbai Indians,59.0,36,1.0,9.833333333333332
JR Hopes,Punjab Kings,71.0,42,1.0,10.142857142857142
JR Hopes,Rajasthan Royals,65.0,43,3.0,9.069767441860465
JR Hopes,Rising Pune Supergiant,26.0,25,1.0,6.24
JR Hopes,Royal Challengers Bangalore,59.0,43,1.0,8.232558139534884
JR Hopes,Sunrisers Hyderabad,66.0,43,2.0,9.209302325581396
Jaskaran Singh,Chennai Super Kings,16.0,7,0.0,13.714285714285714
Jaskaran Singh,Kolkata Knight Riders,56.0,43,3.0,7.813953488372094
Jaskaran Singh,Mumbai Indians,58.0,36,2.0,9.666666666666668
Jaskaran Singh,Punjab Kings,12.0,6,1.0,12.0
Jaskaran Singh,Royal Challengers Bangalore,32.0,19,0.0,10.105263157894736
Joginder Sharma,Delhi Capitals,86.0,50,2.0,10.32
Joginder Sharma,Kolkata Knight Riders,32.0,26,1.0,7.384615384615385
Joginder Sharma,Mumbai Indians,136.0,103,5.0,7.922330097087379
Joginder Sharma,Punjab Kings,47.0,25,1.0,11.28
Joginder Sharma,Rajasthan Royals,23.0,12,0.0,11.5
Joginder Sharma,Royal Challengers Bangalore,38.0,30,3.0,7.6
Joginder Sharma,Sunrisers Hyderabad,59.0,26,0.0,13.615384615384615
K Goel,Chennai Super Kings,48.0,30,0.0,9.600000000000001
K Goel,Mumbai Indians,35.0,31,0.0,6.774193548387098
K Goel,Rajasthan Royals,11.0,6,0.0,11.0
K Upadhyay,Royal Challengers Bangalore,17.0,12,0.0,8.5
KA Pollard,Chennai Super Kings,117.0,101,6.0,6.95049504950495
KA Pollard,Delhi Capitals,111.0,98,3.0,6.795918367346939
KA Pollard,Kochi Tuskers Kerala,43.0,21,0.0,12.285714285714285
KA Pollard,Kolkata Knight Riders,54.0,30,0.0,10.8
KA Pollard,Punjab Kings,102.0,94,4.0,6.51063829787234
KA Pollard,Rajasthan Royals,98.0,63,5.0,9.333333333333334
KA Pollard,Rising Pune Supergiant,80.0,57,2.0,8.421052631578947
KA Pollard,Royal Challengers Bangalore,154.0,128,9.0,7.21875
KA Pollard,Sunrisers Hyderabad,110.0,91,7.0,7.252747252747252
KAJ Roach,Kolkata Knight Riders,48.0,26,0.0,11.076923076923077
KAJ Roach,Mumbai Indians,32.0,26,0.0,7.384615384615385
KK Cooper,Chennai Super Kings,23.0,24,2.0,5.75
KK Cooper,Delhi Capitals,22.0,25,0.0,5.28
KK Cooper,Kolkata Knight Riders,29.0,26,3.0,6.6923076923076925
KK Cooper,Mumbai Indians,44.0,24,1.0,11.0
KK Cooper,Punjab Kings,27.0,24,4.0,6.75
KK Cooper,Royal Challengers Bangalore,42.0,26,0.0,9.692307692307693
KMDN Kulasekara,Punjab Kings,29.0,27,1.0,6.444444444444445
KMDN Kulasekara,Rajasthan Royals,19.0,24,1.0,4.75
KMDN Kulasekara,Rising Pune Supergiant,74.0,56,3.0,7.928571428571429
KP Appanna,Delhi Capitals,48.0,48,2.0,6.0
KP Appanna,Kolkata Knight Riders,67.0,44,1.0,9.136363636363637
KP Appanna,Mumbai Indians,13.0,12,0.0,6.5
KP Appanna,Punjab Kings,44.0,30,1.0,8.799999999999999
KP Appanna,Rajasthan Royals,19.0,25,4.0,4.5600000000000005
KP Appanna,Rising Pune Supergiant,23.0,13,0.0,10.615384615384615
KP Appanna,Sunrisers Hyderabad,27.0,19,0.0,8.526315789473685
KP Pietersen,Chennai Super Kings,56.0,42,2.0,8.0
KP Pietersen,Delhi Capitals,3.0,6,0.0,3.0
KP Pietersen,Kolkata Knight Riders,24.0,26,1.0,5.538461538461538
KP Pietersen,Mumbai Indians,30.0,30,2.0,6.0
KP Pietersen,Punjab Kings,25.0,18,0.0,8.333333333333332
KP Pietersen,Rising Pune Supergiant,21.0,15,0.0,8.399999999999999
KP Pietersen,Sunrisers Hyderabad,59.0,43,2.0,8.232558139534884
Kamran Khan,Chennai Super Kings,36.0,17,0.0,12.705882352941178
Kamran Khan,Delhi Capitals,35.0,25,1.0,8.399999999999999
Kamran Khan,Kolkata Knight Riders,49.0,48,6.0,6.125
Kamran Khan,Mumbai Indians,10.0,6,0.0,10.0
Kamran Khan,Punjab Kings,19.0,27,2.0,4.222222222222222
Kamran Khan,Royal Challengers Bangalore,99.0,54,1.0,11.0
L Ablish,Delhi Capitals,19.0,14,1.0,8.142857142857142
L Ablish,Mumbai Indians,18.0,13,2.0,8.307692307692307
L Ablish,Royal Challengers Bangalore,39.0,18,0.0,13.0
L Balaji,Chennai Super Kings,59.0,49,1.0,7.224489795918368
L Balaji,Delhi Capitals,158.0,123,9.0,7.707317073170732
L Balaji,Kochi Tuskers Kerala,25.0,26,0.0,5.769230769230769
L Balaji,Kolkata Knight Riders,86.0,58,3.0,8.896551724137932
L Balaji,Mumbai Indians,144.0,84,2.0,10.285714285714285
L Balaji,Punjab Kings,181.0,153,8.0,7.098039215686274
L Balaji,Rajasthan Royals,201.0,154,8.0,7.8311688311688314
L Balaji,Rising Pune Supergiant,7.0,7,2.0,6.0
L Balaji,Royal Challengers Bangalore,226.0,164,10.0,8.268292682926829
L Balaji,Sunrisers Hyderabad,212.0,145,5.0,8.772413793103448
LA Carseldine,Royal Challengers Bangalore,6.0,7,1.0,5.142857142857142
LJ Wright,Delhi Capitals,24.0,12,0.0,12.0
LPC Silva,Royal Challengers Bangalore,21.0,6,0.0,21.0
LR Shukla,Chennai Super Kings,73.0,48,1.0,9.125
LR Shukla,Delhi Capitals,6.0,6,3.0,6.0
LR Shukla,Mumbai Indians,62.0,48,3.0,7.75
LR Shukla,Punjab Kings,53.0,34,0.0,9.352941176470589
LR Shukla,Rajasthan Royals,76.0,62,2.0,7.35483870967742
LR Shukla,Royal Challengers Bangalore,32.0,21,2.0,9.142857142857142
LR Shukla,Sunrisers Hyderabad,46.0,31,2.0,8.903225806451612
LRPL Taylor,Chennai Super Kings,13.0,7,0.0,11.142857142857142
LRPL Taylor,Royal Challengers Bangalore,11.0,6,0.0,11.0
M Kartik,Chennai Super Kings,182.0,152,1.0,7.184210526315789
M Kartik,Delhi Capitals,118.0,116,1.0,6.1034482758620685
M Kartik,Kochi Tuskers Kerala,30.0,26,0.0,6.9230769230769225
M Kartik,Kolkata Knight Riders,22.0,26,1.0,5.076923076923077
M Kartik,Mumbai Indians,159.0,147,6.0,6.4897959183673475
M Kartik,Punjab Kings,102.0,77,1.0,7.948051948051948
M Kartik,Rajasthan Royals,134.0,92,1.0,8.73913043478261
M Kartik,Royal Challengers Bangalore,102.0,88,4.0,6.954545454545455
M Kartik,Sunrisers Hyderabad,149.0,142,6.0,6.295774647887324
M Manhas,Punjab Kings,14.0,18,0.0,4.666666666666667
M Manhas,Royal Challengers Bangalore,9.0,6,0.0,9.0
M Manhas,Sunrisers Hyderabad,19.0,18,0.0,6.333333333333334
M Morkel,Chennai Super Kings,20.0,26,2.0,4.615384615384616
M Morkel,Kochi Tuskers Kerala,47.0,45,4.0,6.2666666666666675
M Morkel,Kolkata Knight Riders,99.0,68,5.0,8.735294117647058
M Morkel,Mumbai Indians,123.0,104,5.0,7.096153846153847
M Morkel,Punjab Kings,55.0,51,2.0,6.470588235294118
M Morkel,Rajasthan Royals,65.0,72,3.0,5.416666666666667
M Morkel,Rising Pune Supergiant,88.0,50,4.0,10.56
M Morkel,Royal Challengers Bangalore,110.0,98,5.0,6.73469387755102
M Morkel,Sunrisers Hyderabad,179.0,142,4.0,7.563380281690142
M Muralitharan,Chennai Super Kings,47.0,48,3.0,5.875
M Muralitharan,Delhi Capitals,154.0,144,6.0,6.416666666666666
M Muralitharan,Kolkata Knight Riders,192.0,178,6.0,6.47191011235955
M Muralitharan,Mumbai Indians,157.0,138,7.0,6.826086956521738
M Muralitharan,Punjab Kings,157.0,152,9.0,6.197368421052632
M Muralitharan,Rajasthan Royals,300.0,218,6.0,8.256880733944953
M Muralitharan,Rising Pune Supergiant,42.0,24,1.0,10.5
M Muralitharan,Royal Challengers Bangalore,149.0,169,9.0,5.289940828402367
M Muralitharan,Sunrisers Hyderabad,141.0,171,6.0,4.947368421052632
M Ntini,Delhi Capitals,30.0,24,0.0,7.5
M Ntini,Kolkata Knight Riders,24.0,25,4.0,5.76
M Ntini,Punjab Kings,23.0,24,2.0,5.75
M Ntini,Rajasthan Royals,91.0,67,0.0,8.149253731343283
M Ntini,Royal Challengers Bangalore,27.0,24,0.0,6.75
M Ntini,Sunrisers Hyderabad,62.0,49,1.0,7.591836734693878
M de Lange,Delhi Capitals,37.0,19,0.0,11.68421052631579
M de Lange,Rising Pune Supergiant,34.0,27,3.0,7.555555555555555
MA Khote,Chennai Super Kings,30.0,18,2.0,10.0
MA Khote,Punjab Kings,22.0,12,0.0,11.0
MB Parmar,Sunrisers Hyderabad,33.0,19,0.0,10.421052631578949
MC Henriques,Delhi Capitals,71.0,50,1.0,8.52
MC Henriques,Punjab Kings,32.0,25,1.0,7.68
MC Henriques,Sunrisers Hyderabad,39.0,25,1.0,9.36
MF Maharoof,Kolkata Knight Riders,55.0,43,2.0,7.674418604651163
MF Maharoof,Mumbai Indians,79.0,55,3.0,8.618181818181817
MF Maharoof,Punjab Kings,128.0,93,4.0,8.258064516129032
MF Maharoof,Rajasthan Royals,144.0,141,11.0,6.127659574468085
MF Maharoof,Royal Challengers Bangalore,51.0,60,3.0,5.1
MF Maharoof,Sunrisers Hyderabad,75.0,49,4.0,9.183673469387754
MJ Clarke,Kolkata Knight Riders,14.0,12,0.0,7.0
MJ Clarke,Mumbai Indians,10.0,12,0.0,5.0
MJ Clarke,Rajasthan Royals,12.0,12,1.0,6.0
MK Tiwary,Chennai Super Kings,11.0,6,0.0,11.0
MK Tiwary,Mumbai Indians,11.0,7,1.0,9.428571428571429
MK Tiwary,Punjab Kings,9.0,7,0.0,7.714285714285715
MK Tiwary,Royal Challengers Bangalore,14.0,6,0.0,14.0
MM Patel,Chennai Super Kings,196.0,135,6.0,8.711111111111112
MM Patel,Delhi Capitals,222.0,198,10.0,6.727272727272727
MM Patel,Kochi Tuskers Kerala,17.0,18,0.0,5.666666666666666
MM Patel,Kolkata Knight Riders,151.0,134,9.0,6.7611940298507465
MM Patel,Mumbai Indians,44.0,42,2.0,6.2857142857142865
MM Patel,Punjab Kings,271.0,195,11.0,8.338461538461537
MM Patel,Rajasthan Royals,69.0,65,6.0,6.36923076923077
MM Patel,Rising Pune Supergiant,92.0,87,7.0,6.344827586206897
MM Patel,Royal Challengers Bangalore,144.0,134,9.0,6.447761194029851
MM Patel,Sunrisers Hyderabad,227.0,165,7.0,8.254545454545454
MN Samuels,Chennai Super Kings,68.0,49,3.0,8.326530612244898
MN Samuels,Mumbai Indians,22.0,25,1.0,5.28
MN Samuels,Punjab Kings,50.0,46,1.0,6.521739130434782
MN Samuels,Royal Challengers Bangalore,5.0,12,1.0,2.5
MN Samuels,Sunrisers Hyderabad,72.0,44,2.0,9.818181818181818
MR Marsh,Chennai Super Kings,9.0,6,0.0,9.0
MR Marsh,Delhi Capitals,30.0,26,2.0,6.9230769230769225
MR Marsh,Punjab Kings,59.0,48,2.0,7.375
MR Marsh,Royal Challengers Bangalore,38.0,27,1.0,8.444444444444445
MR Marsh,Sunrisers Hyderabad,55.0,43,4.0,7.674418604651163
MS Gony,Chennai Super Kings,55.0,25,0.0,13.200000000000001
MS Gony,Delhi Capitals,151.0,99,3.0,9.151515151515152
MS Gony,Kochi Tuskers Kerala,19.0,18,1.0,6.333333333333334
MS Gony,Kolkata Knight Riders,91.0,67,3.0,8.149253731343283
MS Gony,Mumbai Indians,86.0,71,3.0,7.267605633802816
MS Gony,Punjab Kings,179.0,118,4.0,9.101694915254237
MS Gony,Rajasthan Royals,88.0,60,1.0,8.799999999999999
MS Gony,Rising Pune Supergiant,28.0,25,1.0,6.720000000000001
MS Gony,Royal Challengers Bangalore,165.0,127,10.0,7.795275590551181
MS Gony,Sunrisers Hyderabad,58.0,49,2.0,7.1020408163265305
Mashrafe Mortaza,Sunrisers Hyderabad,59.0,28,0.0,12.642857142857142
Mohammad Asif,Chennai Super Kings,69.0,49,2.0,8.448979591836736
Mohammad Asif,Mumbai Indians,46.0,27,1.0,10.222222222222221
Mohammad Asif,Punjab Kings,40.0,25,2.0,9.600000000000001
Mohammad Asif,Rajasthan Royals,32.0,24,1.0,8.0
Mohammad Asif,Royal Challengers Bangalore,49.0,24,0.0,12.25
Mohammad Asif,Sunrisers Hyderabad,71.0,50,2.0,8.52
Mohammad Hafeez,Chennai Super Kings,16.0,13,0.0,7.384615384615385
Mohammad Hafeez,Mumbai Indians,16.0,7,0.0,13.714285714285714
Mohammad Hafeez,Punjab Kings,28.0,18,1.0,9.333333333333334
Mohammad Hafeez,Sunrisers Hyderabad,11.0,25,1.0,2.64
ND Doshi,Chennai Super Kings,24.0,12,0.0,12.0
ND Doshi,Kochi Tuskers Kerala,15.0,8,1.0,11.25
ND Doshi,Kolkata Knight Riders,23.0,12,0.0,11.5
ND Doshi,Sunrisers Hyderabad,17.0,25,1.0,4.08
NJ Rimmington,Rising Pune Supergiant,20.0,18,0.0,6.666666666666667
NL McCullum,Chennai Super Kings,12.0,12,0.0,6.0
NL McCullum,Rajasthan Royals,23.0,18,0.0,7.666666666666666
NLTC Perera,Chennai Super Kings,32.0,25,1.0,7.68
NLTC Perera,Mumbai Indians,59.0,31,0.0,11.419354838709678
NLTC Perera,Punjab Kings,19.0,9,0.0,12.666666666666668
NLTC Perera,Rajasthan Royals,11.0,12,0.0,5.5
NLTC Perera,Rising Pune Supergiant,8.0,6,0.0,8.0
NLTC Perera,Sunrisers Hyderabad,31.0,24,1.0,7.75
P Amarnath,Delhi Capitals,36.0,18,0.0,12.0
P Amarnath,Kolkata Knight Riders,30.0,24,2.0,7.5
P Amarnath,Mumbai Indians,57.0,24,1.0,14.25
P Amarnath,Punjab Kings,80.0,42,2.0,11.428571428571427
P Amarnath,Royal Challengers Bangalore,38.0,24,2.0,9.5
P Awana,Chennai Super Kings,34.0,25,0.0,8.16
P Awana,Mumbai Indians,63.0,53,5.0,7.132075471698113
P Awana,Rajasthan Royals,34.0,26,0.0,7.846153846153847
P Awana,Rising Pune Supergiant,21.0,24,0.0,5.25
P Awana,Royal Challengers Bangalore,82.0,52,4.0,9.461538461538462
P Awana,Sunrisers Hyderabad,31.0,25,2.0,7.4399999999999995
P Kumar,Chennai Super Kings,299.0,213,10.0,8.422535211267606
P Kumar,Delhi Capitals,212.0,140,6.0,9.085714285714285
P Kumar,Kolkata Knight Riders,218.0,168,3.0,7.7857142857142865
P Kumar,Mumbai Indians,248.0,192,6.0,7.75
P Kumar,Punjab Kings,183.0,144,5.0,7.625
P Kumar,Rajasthan Royals,229.0,191,8.0,7.193717277486911
P Kumar,Rising Pune Supergiant,94.0,96,2.0,5.875
P Kumar,Royal Challengers Bangalore,91.0,94,0.0,5.808510638297872
P Kumar,Sunrisers Hyderabad,282.0,218,9.0,7.761467889908257
P Negi,Rajasthan Royals,18.0,25,4.0,4.32
P Negi,Rising Pune Supergiant,22.0,24,0.0,5.5
P Parameswaran,Delhi Capitals,29.0,24,2.0,7.25
P Parameswaran,Kolkata Knight Riders,21.0,24,0.0,5.25
P Parameswaran,Punjab Kings,23.0,13,0.0,10.615384615384615
P Parameswaran,Rajasthan Royals,20.0,22,2.0,5.454545454545454
P Parameswaran,Royal Challengers Bangalore,44.0,14,0.0,18.857142857142858
P Parameswaran,Sunrisers Hyderabad,47.0,25,1.0,11.28
P Prasanth,Rajasthan Royals,18.0,6,0.0,18.0
PC Valthaty,Delhi Capitals,48.0,30,1.0,9.600000000000001
PC Valthaty,Kolkata Knight Riders,13.0,12,0.0,6.5
PC Valthaty,Mumbai Indians,11.0,6,0.0,11.0
PC Valthaty,Rajasthan Royals,35.0,18,0.0,11.666666666666666
PC Valthaty,Rising Pune Supergiant,17.0,13,0.0,7.846153846153847
PC Valthaty,Royal Challengers Bangalore,30.0,24,1.0,7.5
PC Valthaty,Sunrisers Hyderabad,53.0,50,5.0,6.36
PD Collingwood,Kolkata Knight Riders,26.0,18,1.0,8.666666666666666
PD Collingwood,Mumbai Indians,27.0,24,0.0,6.75
PD Collingwood,Punjab Kings,19.0,24,2.0,4.75
PD Collingwood,Rajasthan Royals,6.0,6,1.0,6.0
PD Collingwood,Sunrisers Hyderabad,23.0,18,1.0,7.666666666666666
PJ Sangwan,Chennai Super Kings,185.0,121,6.0,9.173553719008265
PJ Sangwan,Delhi Capitals,42.0,25,1.0,10.08
PJ Sangwan,Kolkata Knight Riders,120.0,90,4.0,8.0
PJ Sangwan,Mumbai Indians,152.0,131,6.0,6.9618320610687014
PJ Sangwan,Punjab Kings,108.0,67,3.0,9.671641791044776
PJ Sangwan,Rajasthan Royals,87.0,76,1.0,6.868421052631579
PJ Sangwan,Royal Challengers Bangalore,139.0,98,5.0,8.510204081632653
PJ Sangwan,Sunrisers Hyderabad,64.0,68,4.0,5.647058823529411
PM Sarvesh Kumar,Chennai Super Kings,18.0,12,1.0,9.0
PM Sarvesh Kumar,Delhi Capitals,24.0,19,0.0,7.578947368421052
PP Chawla,Chennai Super Kings,227.0,163,8.0,8.355828220858896
PP Chawla,Delhi Capitals,176.0,152,6.0,6.947368421052632
PP Chawla,Kochi Tuskers Kerala,30.0,26,1.0,6.9230769230769225
PP Chawla,Kolkata Knight Riders,217.0,174,10.0,7.482758620689656
PP Chawla,Mumbai Indians,259.0,207,12.0,7.507246376811594
PP Chawla,Rajasthan Royals,269.0,204,12.0,7.911764705882353
PP Chawla,Rising Pune Supergiant,49.0,42,1.0,7.0
PP Chawla,Royal Challengers Bangalore,268.0,220,15.0,7.3090909090909095
PP Chawla,Sunrisers Hyderabad,254.0,193,7.0,7.896373056994818
PP Ojha,Chennai Super Kings,216.0,203,13.0,6.384236453201971
PP Ojha,Delhi Capitals,208.0,179,10.0,6.972067039106146
PP Ojha,Kolkata Knight Riders,206.0,180,7.0,6.866666666666666
PP Ojha,Mumbai Indians,160.0,158,9.0,6.075949367088608
PP Ojha,Punjab Kings,173.0,140,6.0,7.414285714285715
PP Ojha,Rajasthan Royals,265.0,159,5.0,10.0
PP Ojha,Rising Pune Supergiant,95.0,91,5.0,6.263736263736265
PP Ojha,Royal Challengers Bangalore,212.0,180,13.0,7.066666666666666
PP Ojha,Sunrisers Hyderabad,39.0,25,0.0,9.36
Pankaj Singh,Chennai Super Kings,64.0,50,2.0,7.68
Pankaj Singh,Delhi Capitals,80.0,61,4.0,7.868852459016393
Pankaj Singh,Kolkata Knight Riders,14.0,6,0.0,14.0
Pankaj Singh,Mumbai Indians,81.0,40,0.0,12.149999999999999
Pankaj Singh,Punjab Kings,80.0,40,0.0,12.0
Pankaj Singh,Rajasthan Royals,27.0,24,2.0,6.75
Pankaj Singh,Royal Challengers Bangalore,75.0,60,3.0,7.5
Pankaj Singh,Sunrisers Hyderabad,51.0,30,0.0,10.2
R Ashwin,Delhi Capitals,115.0,93,5.0,7.419354838709678
R Ashwin,Kochi Tuskers Kerala,48.0,48,3.0,6.0
R Ashwin,Kolkata Knight Riders,103.0,116,9.0,5.327586206896552
R Ashwin,Mumbai Indians,121.0,126,3.0,5.761904761904762
R Ashwin,Punjab Kings,129.0,122,3.0,6.3442622950819665
R Ashwin,Rajasthan Royals,92.0,85,5.0,6.4941176470588236
R Ashwin,Rising Pune Supergiant,104.0,98,4.0,6.36734693877551
R Ashwin,Royal Challengers Bangalore,180.0,146,6.0,7.397260273972603
R Ashwin,Sunrisers Hyderabad,111.0,136,4.0,4.897058823529411
R Bhatia,Chennai Super Kings,115.0,85,3.0,8.117647058823529
R Bhatia,Delhi Capitals,34.0,31,1.0,6.580645161290322
R Bhatia,Kochi Tuskers Kerala,22.0,18,1.0,7.333333333333334
R Bhatia,Kolkata Knight Riders,108.0,80,2.0,8.100000000000001
R Bhatia,Mumbai Indians,101.0,92,8.0,6.586956521739131
R Bhatia,Punjab Kings,114.0,118,3.0,5.796610169491525
R Bhatia,Rajasthan Royals,80.0,74,3.0,6.486486486486487
R Bhatia,Rising Pune Supergiant,38.0,37,1.0,6.162162162162161
R Bhatia,Royal Challengers Bangalore,184.0,114,2.0,9.68421052631579
R Bhatia,Sunrisers Hyderabad,156.0,137,11.0,6.8321167883211675
R McLaren,Chennai Super Kings,81.0,71,1.0,6.845070422535212
R McLaren,Kolkata Knight Riders,67.0,45,0.0,8.933333333333334
R McLaren,Punjab Kings,42.0,31,0.0,8.129032258064516
R McLaren,Rajasthan Royals,67.0,38,1.0,10.578947368421051
R McLaren,Rising Pune Supergiant,26.0,18,1.0,8.666666666666666
R McLaren,Royal Challengers Bangalore,63.0,49,2.0,7.714285714285715
R McLaren,Sunrisers Hyderabad,117.0,74,4.0,9.486486486486488
R Ninan,Chennai Super Kings,31.0,18,2.0,10.333333333333334
R Ninan,Sunrisers Hyderabad,34.0,18,1.0,11.333333333333332
R Sathish,Chennai Super Kings,18.0,12,0.0,9.0
R Sathish,Kochi Tuskers Kerala,11.0,6,0.0,11.0
R Sathish,Kolkata Knight Riders,11.0,13,1.0,5.076923076923077
R Sathish,Punjab Kings,14.0,13,0.0,6.461538461538462
R Sathish,Rajasthan Royals,56.0,26,1.0,12.923076923076923
R Sathish,Sunrisers Hyderabad,12.0,12,0.0,6.0
R Sharma,Chennai Super Kings,98.0,91,3.0,6.461538461538462
R Sharma,Delhi Capitals,162.0,115,4.0,8.45217391304348
R Sharma,Kochi Tuskers Kerala,21.0,24,1.0,5.25
R Sharma,Kolkata Knight Riders,29.0,24,0.0,7.25
R Sharma,Mumbai Indians,61.0,85,5.0,4.305882352941176
R Sharma,Punjab Kings,100.0,97,6.0,6.185567010309278
R Sharma,Rajasthan Royals,43.0,46,3.0,5.608695652173913
R Sharma,Royal Challengers Bangalore,89.0,54,3.0,9.88888888888889
R Sharma,Sunrisers Hyderabad,88.0,73,4.0,7.232876712328767
R Shukla,Delhi Capitals,32.0,19,0.0,10.105263157894736
R Vinay Kumar,Chennai Super Kings,261.0,170,11.0,9.211764705882354
R Vinay Kumar,Delhi Capitals,215.0,154,4.0,8.376623376623376
R Vinay Kumar,Kolkata Knight Riders,174.0,158,12.0,6.607594936708861
R Vinay Kumar,Mumbai Indians,294.0,198,6.0,8.90909090909091
R Vinay Kumar,Punjab Kings,159.0,115,3.0,8.295652173913044
R Vinay Kumar,Rajasthan Royals,226.0,153,1.0,8.862745098039216
R Vinay Kumar,Rising Pune Supergiant,50.0,46,3.0,6.521739130434782
R Vinay Kumar,Royal Challengers Bangalore,44.0,41,2.0,6.439024390243903
R Vinay Kumar,Sunrisers Hyderabad,143.0,112,10.0,7.660714285714285
RA Jadeja,Chennai Super Kings,56.0,45,2.0,7.466666666666667
RA Jadeja,Delhi Capitals,92.0,76,1.0,7.2631578947368425
RA Jadeja,Kolkata Knight Riders,66.0,62,2.0,6.387096774193548
RA Jadeja,Mumbai Indians,75.0,50,2.0,9.0
RA Jadeja,Punjab Kings,49.0,30,0.0,9.8
RA Jadeja,Rajasthan Royals,83.0,69,2.0,7.217391304347826
RA Jadeja,Rising Pune Supergiant,50.0,50,1.0,6.0
RA Jadeja,Royal Challengers Bangalore,109.0,99,6.0,6.6060606060606055
RA Jadeja,Sunrisers Hyderabad,117.0,111,8.0,6.324324324324324
RA Shaikh,Delhi Capitals,11.0,6,0.0,11.0
RE van der Merwe,Chennai Super Kings,70.0,74,2.0,5.675675675675675
RE van der Merwe,Delhi Capitals,31.0,24,1.0,7.75
RE van der Merwe,Kochi Tuskers Kerala,37.0,43,4.0,5.162790697674419
RE van der Merwe,Kolkata Knight Riders,84.0,70,5.0,7.199999999999999
RE van der Merwe,Mumbai Indians,61.0,60,2.0,6.1
RE van der Merwe,Punjab Kings,27.0,19,2.0,8.526315789473685
RE van der Merwe,Rajasthan Royals,52.0,30,1.0,10.4
RE van der Merwe,Sunrisers Hyderabad,65.0,50,1.0,7.800000000000001
RG Sharma,Chennai Super Kings,88.0,68,2.0,7.764705882352942
RG Sharma,Delhi Capitals,43.0,31,0.0,8.322580645161292
RG Sharma,Kolkata Knight Riders,31.0,25,1.0,7.4399999999999995
RG Sharma,Mumbai Indians,56.0,44,4.0,7.636363636363637
RG Sharma,Punjab Kings,117.0,86,4.0,8.162790697674419
RG Sharma,Rajasthan Royals,43.0,43,3.0,6.0
RG Sharma,Royal Challengers Bangalore,39.0,18,0.0,13.0
RJ Harris,Chennai Super Kings,115.0,97,7.0,7.11340206185567
RJ Harris,Delhi Capitals,94.0,76,4.0,7.421052631578948
RJ Harris,Kochi Tuskers Kerala,45.0,26,1.0,10.384615384615385
RJ Harris,Kolkata Knight Riders,35.0,37,2.0,5.675675675675675
RJ Harris,Mumbai Indians,111.0,84,4.0,7.928571428571429
RJ Harris,Punjab Kings,90.0,71,1.0,7.605633802816902
RJ Harris,Rajasthan Royals,102.0,74,7.0,8.27027027027027
RJ Harris,Rising Pune Supergiant,26.0,27,1.0,5.777777777777778
RJ Harris,Royal Challengers Bangalore,239.0,178,12.0,8.0561797752809
RJ Harris,Sunrisers Hyderabad,73.0,48,2.0,9.125
RJ Peterson,Chennai Super Kings,22.0,12,0.0,11.0
RJ Peterson,Delhi Capitals,37.0,24,3.0,9.25
RJ Peterson,Punjab Kings,3.0,6,0.0,3.0
RJ Peterson,Sunrisers Hyderabad,8.0,6,0.0,8.0
RN ten Doeschate,Royal Challengers Bangalore,24.0,21,1.0,6.857142857142857
RN ten Doeschate,Sunrisers Hyderabad,7.0,7,0.0,6.0
RP Singh,Chennai Super Kings,291.0,228,11.0,7.657894736842106
RP Singh,Delhi Capitals,317.0,235,7.0,8.093617021276597
RP Singh,Kolkata Knight Riders,238.0,164,10.0,8.707317073170731
RP Singh,Mumbai Indians,151.0,150,12.0,6.039999999999999
RP Singh,Punjab Kings,306.0,209,10.0,8.784688995215312
RP Singh,Rajasthan Royals,187.0,175,9.0,6.411428571428571
RP Singh,Rising Pune Supergiant,30.0,18,0.0,10.0
RP Singh,Royal Challengers Bangalore,280.0,226,9.0,7.43362831858407
RP Singh,Sunrisers Hyderabad,41.0,44,3.0,5.590909090909091
RR Bhatkal,Chennai Super Kings,35.0,12,0.0,17.5
RR Bose,Royal Challengers Bangalore,24.0,12,0.0,12.0
RR Powar,Chennai Super Kings,124.0,111,4.0,6.702702702702702
RR Powar,Delhi Capitals,104.0,79,3.0,7.898734177215189
RR Powar,Kolkata Knight Riders,74.0,75,1.0,5.92
RR Powar,Mumbai Indians,64.0,55,1.0,6.9818181818181815
RR Powar,Rajasthan Royals,74.0,49,1.0,9.061224489795919
RR Powar,Royal Challengers Bangalore,35.0,18,0.0,11.666666666666666
RR Powar,Sunrisers Hyderabad,63.0,56,3.0,6.75
RR Raje,Chennai Super Kings,49.0,25,0.0,11.76
RR Raje,Delhi Capitals,35.0,23,0.0,9.130434782608695
RR Raje,Kolkata Knight Riders,16.0,14,2.0,6.857142857142857
RR Raje,Punjab Kings,10.0,7,0.0,8.571428571428571
RR Raje,Rajasthan Royals,60.0,44,3.0,8.181818181818182
RR Raje,Sunrisers Hyderabad,44.0,31,1.0,8.516129032258064
RS Bopara,Kolkata Knight Riders,66.0,34,1.0,11.647058823529411
RS Bopara,Mumbai Indians,31.0,24,3.0,7.75
RS Bopara,Rajasthan Royals,19.0,14,1.0,8.142857142857142
RS Bopara,Royal Challengers Bangalore,21.0,18,0.0,7.0
RS Gavaskar,Royal Challengers Bangalore,8.0,6,0.0,8.0
RV Gomez,Chennai Super Kings,20.0,12,1.0,10.0
RV Gomez,Delhi Capitals,16.0,12,0.0,8.0
RV Gomez,Kolkata Knight Riders,14.0,24,2.0,3.5
RV Gomez,Mumbai Indians,30.0,19,1.0,9.473684210526315
RV Gomez,Punjab Kings,12.0,6,0.0,12.0
RV Gomez,Rajasthan Royals,9.0,6,0.0,9.0
RV Gomez,Royal Challengers Bangalore,20.0,6,1.0,20.0
RV Gomez,Sunrisers Hyderabad,4.0,6,0.0,4.0
RW Price,Kolkata Knight Riders,33.0,18,0.0,11.0
S Aravind,Chennai Super Kings,92.0,64,5.0,8.625
S Aravind,Delhi Capitals,32.0,25,1.0,7.68
S Aravind,Kochi Tuskers Kerala,20.0,25,2.0,4.800000000000001
S Aravind,Kolkata Knight Riders,55.0,37,3.0,8.91891891891892
S Aravind,Mumbai Indians,27.0,19,2.0,8.526315789473685
S Aravind,Punjab Kings,54.0,48,4.0,6.75
S Aravind,Rajasthan Royals,82.0,42,3.0,11.714285714285714
S Aravind,Rising Pune Supergiant,35.0,27,1.0,7.777777777777778
S Aravind,Sunrisers Hyderabad,28.0,19,0.0,8.842105263157894
S Dhawan,Delhi Capitals,39.0,19,2.0,12.315789473684212
S Dhawan,Kolkata Knight Riders,4.0,6,0.0,4.0
S Dhawan,Punjab Kings,9.0,12,1.0,4.5
S Dhawan,Rising Pune Supergiant,9.0,6,1.0,9.0
S Dhawan,Royal Challengers Bangalore,11.0,6,0.0,11.0
S Ladda,Chennai Super Kings,29.0,18,0.0,9.666666666666668
S Ladda,Kochi Tuskers Kerala,13.0,7,0.0,11.142857142857142
S Ladda,Mumbai Indians,59.0,30,2.0,11.799999999999999
S Ladda,Rajasthan Royals,65.0,50,1.0,7.800000000000001
S Ladda,Sunrisers Hyderabad,20.0,12,1.0,10.0
S Nadeem,Chennai Super Kings,35.0,42,0.0,5.0
S Nadeem,Kolkata Knight Riders,48.0,36,0.0,8.0
S Nadeem,Mumbai Indians,80.0,73,5.0,6.575342465753424
S Nadeem,Rajasthan Royals,89.0,73,0.0,7.315068493150685
S Nadeem,Rising Pune Supergiant,106.0,76,2.0,8.368421052631579
S Nadeem,Royal Challengers Bangalore,26.0,24,1.0,6.5
S Nadeem,Sunrisers Hyderabad,81.0,66,4.0,7.363636363636363
S Narwal,Chennai Super Kings,90.0,31,0.0,17.41935483870968
S Narwal,Delhi Capitals,36.0,25,3.0,8.64
S Narwal,Royal Challengers Bangalore,24.0,19,0.0,7.578947368421052
S Narwal,Sunrisers Hyderabad,36.0,24,2.0,9.0
S Rana,Kolkata Knight Riders,2.0,4,0.0,3.0
S Randiv,Kolkata Knight Riders,47.0,38,1.0,7.421052631578948
S Randiv,Mumbai Indians,31.0,21,1.0,8.857142857142858
S Randiv,Punjab Kings,32.0,24,1.0,8.0
S Randiv,Rajasthan Royals,32.0,24,1.0,8.0
S Randiv,Rising Pune Supergiant,23.0,24,0.0,5.75
S Randiv,Royal Challengers Bangalore,24.0,24,2.0,6.0
S Randiv,Sunrisers Hyderabad,34.0,25,0.0,8.16
S Sreesanth,Chennai Super Kings,159.0,121,6.0,7.884297520661157
S Sreesanth,Delhi Capitals,141.0,135,7.0,6.2666666666666675
S Sreesanth,Kolkata Knight Riders,86.0,68,4.0,7.588235294117647
S Sreesanth,Mumbai Indians,88.0,59,4.0,8.949152542372882
S Sreesanth,Punjab Kings,38.0,24,0.0,9.5
S Sreesanth,Rajasthan Royals,203.0,138,5.0,8.82608695652174
S Sreesanth,Rising Pune Supergiant,21.0,22,0.0,5.7272727272727275
S Sreesanth,Royal Challengers Bangalore,130.0,107,6.0,7.289719626168224
S Sreesanth,Sunrisers Hyderabad,184.0,137,3.0,8.05839416058394
S Sriram,Kolkata Knight Riders,24.0,12,0.0,12.0
S Sriram,Punjab Kings,25.0,6,0.0,25.0
S Tyagi,Delhi Capitals,19.0,19,2.0,6.0
S Tyagi,Kolkata Knight Riders,29.0,18,0.0,9.666666666666668
S Tyagi,Mumbai Indians,49.0,37,2.0,7.945945945945946
S Tyagi,Punjab Kings,35.0,25,0.0,8.399999999999999
S Tyagi,Rajasthan Royals,70.0,51,0.0,8.235294117647058
S Tyagi,Royal Challengers Bangalore,41.0,38,1.0,6.473684210526316
S Tyagi,Sunrisers Hyderabad,61.0,32,1.0,11.4375
S Vidyut,Rajasthan Royals,22.0,13,1.0,10.153846153846153
SB Bangar,Chennai Super Kings,36.0,24,1.0,9.0
SB Bangar,Delhi Capitals,30.0,13,0.0,13.846153846153845
SB Bangar,Kolkata Knight Riders,29.0,26,0.0,6.6923076923076925
SB Bangar,Mumbai Indians,35.0,24,2.0,8.75
SB Bangar,Punjab Kings,26.0,24,0.0,6.5
SB Bangar,Rajasthan Royals,20.0,12,0.0,10.0
SB Bangar,Royal Challengers Bangalore,45.0,30,1.0,9.0
SB Jakati,Delhi Capitals,81.0,73,5.0,6.657534246575342
SB Jakati,Kochi Tuskers Kerala,53.0,42,1.0,7.571428571428571
SB Jakati,Kolkata Knight Riders,120.0,97,3.0,7.422680412371134
SB Jakati,Mumbai Indians,154.0,109,4.0,8.477064220183486
SB Jakati,Punjab Kings,84.0,43,1.0,11.720930232558139
SB Jakati,Rajasthan Royals,167.0,128,7.0,7.828125
SB Jakati,Rising Pune Supergiant,48.0,42,1.0,6.857142857142857
SB Jakati,Royal Challengers Bangalore,194.0,153,7.0,7.607843137254902
SB Jakati,Sunrisers Hyderabad,150.0,122,11.0,7.3770491803278695
SB Joshi,Delhi Capitals,19.0,6,0.0,19.0
SB Joshi,Kolkata Knight Riders,26.0,18,0.0,8.666666666666666
SB Joshi,Mumbai Indians,10.0,12,0.0,5.0
SB Joshi,Rajasthan Royals,27.0,19,1.0,8.526315789473685
SB Styris,Chennai Super Kings,40.0,37,1.0,6.486486486486487
SB Styris,Delhi Capitals,33.0,25,0.0,7.92
SB Styris,Kolkata Knight Riders,80.0,67,2.0,7.164179104477611
SB Styris,Punjab Kings,50.0,30,1.0,10.0
SB Styris,Rajasthan Royals,14.0,13,0.0,6.461538461538462
SB Styris,Royal Challengers Bangalore,61.0,50,4.0,7.32
SB Wagh,Chennai Super Kings,16.0,6,1.0,16.0
SB Wagh,Delhi Capitals,38.0,20,0.0,11.399999999999999
SB Wagh,Kochi Tuskers Kerala,10.0,12,0.0,5.0
SB Wagh,Mumbai Indians,41.0,31,1.0,7.935483870967742
SB Wagh,Punjab Kings,34.0,33,3.0,6.181818181818182
SB Wagh,Sunrisers Hyderabad,8.0,6,0.0,8.0
SC Ganguly,Delhi Capitals,75.0,61,2.0,7.3770491803278695
SC Ganguly,Mumbai Indians,43.0,25,0.0,10.32
SC Ganguly,Punjab Kings,33.0,30,2.0,6.6000000000000005
SC Ganguly,Rajasthan Royals,62.0,36,1.0,10.333333333333334
SC Ganguly,Royal Challengers Bangalore,66.0,67,3.0,5.91044776119403
SC Ganguly,Sunrisers Hyderabad,74.0,48,2.0,9.25
SD Chitnis,Punjab Kings,41.0,25,2.0,9.84
SD Chitnis,Sunrisers Hyderabad,21.0,13,0.0,9.692307692307693
SE Bond,Chennai Super Kings,33.0,24,0.0,8.25
SE Bond,Mumbai Indians,55.0,42,2.0,7.857142857142858
SE Bond,Punjab Kings,57.0,50,3.0,6.84
SE Bond,Rajasthan Royals,52.0,49,3.0,6.36734693877551
SE Bond,Sunrisers Hyderabad,28.0,26,1.0,6.461538461538462
SJ Srivastava,Chennai Super Kings,25.0,20,0.0,7.5
SJ Srivastava,Delhi Capitals,86.0,51,2.0,10.117647058823529
SJ Srivastava,Kochi Tuskers Kerala,34.0,26,1.0,7.846153846153847
SJ Srivastava,Kolkata Knight Riders,58.0,42,2.0,8.285714285714285
SJ Srivastava,Mumbai Indians,45.0,40,2.0,6.75
SJ Srivastava,Rajasthan Royals,50.0,27,1.0,11.11111111111111
SJ Srivastava,Rising Pune Supergiant,20.0,20,2.0,6.0
SJ Srivastava,Royal Challengers Bangalore,51.0,30,3.0,10.2
SJ Srivastava,Sunrisers Hyderabad,75.0,50,1.0,9.0
SK Raina,Delhi Capitals,53.0,55,0.0,5.781818181818181
SK Raina,Kochi Tuskers Kerala,26.0,26,0.0,6.0
SK Raina,Kolkata Knight Riders,74.0,60,2.0,7.4
SK Raina,Mumbai Indians,79.0,66,3.0,7.181818181818182
SK Raina,Punjab Kings,94.0,84,3.0,6.714285714285714
SK Raina,Rajasthan Royals,86.0,71,4.0,7.267605633802816
SK Raina,Rising Pune Supergiant,50.0,54,0.0,5.555555555555555
SK Raina,Royal Challengers Bangalore,144.0,90,1.0,9.600000000000001
SK Raina,Sunrisers Hyderabad,72.0,74,7.0,5.837837837837839
SK Trivedi,Chennai Super Kings,234.0,172,4.0,8.162790697674419
SK Trivedi,Delhi Capitals,166.0,120,4.0,8.3
SK Trivedi,Kochi Tuskers Kerala,20.0,24,3.0,5.0
SK Trivedi,Kolkata Knight Riders,192.0,154,6.0,7.48051948051948
SK Trivedi,Mumbai Indians,161.0,130,5.0,7.430769230769231
SK Trivedi,Punjab Kings,261.0,200,9.0,7.83
SK Trivedi,Rising Pune Supergiant,49.0,43,2.0,6.837209302325581
SK Trivedi,Royal Challengers Bangalore,168.0,123,8.0,8.195121951219512
SK Trivedi,Sunrisers Hyderabad,186.0,152,10.0,7.342105263157894
SK Warne,Chennai Super Kings,269.0,206,7.0,7.83495145631068
SK Warne,Delhi Capitals,210.0,180,8.0,7.0
SK Warne,Kochi Tuskers Kerala,16.0,24,3.0,4.0
SK Warne,Kolkata Knight Riders,184.0,173,4.0,6.38150289017341
SK Warne,Mumbai Indians,183.0,159,7.0,6.90566037735849
SK Warne,Punjab Kings,226.0,136,7.0,9.970588235294118
SK Warne,Rising Pune Supergiant,31.0,24,1.0,7.75
SK Warne,Royal Challengers Bangalore,155.0,156,8.0,5.961538461538462
SK Warne,Sunrisers Hyderabad,191.0,165,12.0,6.945454545454545
SL Malinga,Chennai Super Kings,217.0,207,11.0,6.289855072463768
SL Malinga,Delhi Capitals,153.0,138,12.0,6.6521739130434785
SL Malinga,Kochi Tuskers Kerala,43.0,27,2.0,9.555555555555555
SL Malinga,Kolkata Knight Riders,111.0,118,4.0,5.6440677966101696
SL Malinga,Punjab Kings,163.0,155,13.0,6.309677419354838
SL Malinga,Rajasthan Royals,149.0,146,6.0,6.123287671232877
SL Malinga,Rising Pune Supergiant,98.0,105,9.0,5.6
SL Malinga,Royal Challengers Bangalore,188.0,171,5.0,6.596491228070175
SL Malinga,Sunrisers Hyderabad,158.0,191,19.0,4.963350785340314
SM Harwood,Chennai Super Kings,22.0,13,0.0,10.153846153846153
SM Harwood,Punjab Kings,26.0,30,1.0,5.2
SM Harwood,Sunrisers Hyderabad,26.0,24,2.0,6.5
SM Pollock,Chennai Super Kings,45.0,43,1.0,6.279069767441861
SM Pollock,Delhi Capitals,51.0,42,2.0,7.285714285714285
SM Pollock,Kolkata Knight Riders,39.0,49,5.0,4.775510204081632
SM Pollock,Punjab Kings,54.0,43,2.0,7.534883720930233
SM Pollock,Rajasthan Royals,45.0,43,1.0,6.279069767441861
SM Pollock,Royal Challengers Bangalore,40.0,48,0.0,5.0
SM Pollock,Sunrisers Hyderabad,33.0,12,0.0,16.5
SP Narine,Chennai Super Kings,25.0,24,1.0,6.25
SP Narine,Delhi Capitals,23.0,25,2.0,5.5200000000000005
SP Narine,Punjab Kings,44.0,49,7.0,5.387755102040816
SP Narine,Rajasthan Royals,51.0,48,1.0,6.375
SP Narine,Rising Pune Supergiant,17.0,24,1.0,4.25
SP Narine,Royal Challengers Bangalore,11.0,24,1.0,2.75
SP Narine,Sunrisers Hyderabad,27.0,24,2.0,6.75
SPD Smith,Rajasthan Royals,5.0,2,0.0,15.0
SR Tendulkar,Delhi Capitals,19.0,6,0.0,19.0
SR Tendulkar,Kolkata Knight Riders,11.0,12,0.0,5.5
SR Tendulkar,Punjab Kings,8.0,7,0.0,6.857142857142857
SR Tendulkar,Royal Challengers Bangalore,21.0,12,0.0,10.5
SR Watson,Chennai Super Kings,207.0,145,5.0,8.565517241379311
SR Watson,Delhi Capitals,94.0,92,7.0,6.130434782608696
SR Watson,Kochi Tuskers Kerala,24.0,25,0.0,5.76
SR Watson,Kolkata Knight Riders,116.0,101,2.0,6.89108910891089
SR Watson,Mumbai Indians,141.0,121,8.0,6.991735537190082
SR Watson,Punjab Kings,147.0,125,6.0,7.055999999999999
SR Watson,Rising Pune Supergiant,49.0,51,1.0,5.764705882352941
SR Watson,Royal Challengers Bangalore,69.0,76,2.0,5.447368421052632
SR Watson,Sunrisers Hyderabad,95.0,67,2.0,8.507462686567164
SS Mundhe,Delhi Capitals,6.0,7,1.0,5.142857142857142
SS Sarkar,Delhi Capitals,19.0,7,0.0,16.285714285714285
SS Sarkar,Rajasthan Royals,15.0,18,1.0,5.0
ST Jayasuriya,Chennai Super Kings,34.0,24,2.0,8.5
ST Jayasuriya,Delhi Capitals,93.0,69,2.0,8.08695652173913
ST Jayasuriya,Kolkata Knight Riders,27.0,33,3.0,4.909090909090909
ST Jayasuriya,Punjab Kings,9.0,12,1.0,4.5
ST Jayasuriya,Rajasthan Royals,63.0,48,2.0,7.875
ST Jayasuriya,Royal Challengers Bangalore,75.0,48,1.0,9.375
ST Jayasuriya,Sunrisers Hyderabad,95.0,67,2.0,8.507462686567164
STR Binny,Chennai Super Kings,32.0,18,0.0,10.666666666666666
STR Binny,Kolkata Knight Riders,9.0,6,0.0,9.0
STR Binny,Punjab Kings,26.0,19,1.0,8.210526315789474
STR Binny,Rising Pune Supergiant,12.0,18,1.0,4.0
STR Binny,Sunrisers Hyderabad,14.0,6,0.0,14.0
SW Tait,Chennai Super Kings,87.0,73,2.0,7.15068493150685
SW Tait,Delhi Capitals,124.0,79,3.0,9.417721518987342
SW Tait,Kochi Tuskers Kerala,36.0,22,0.0,9.818181818181818
SW Tait,Kolkata Knight Riders,61.0,53,1.0,6.90566037735849
SW Tait,Mumbai Indians,47.0,30,1.0,9.4
SW Tait,Punjab Kings,70.0,75,8.0,5.6
SW Tait,Rising Pune Supergiant,15.0,24,3.0,3.75
SW Tait,Sunrisers Hyderabad,25.0,27,3.0,5.555555555555555
Shahid Afridi,Chennai Super Kings,49.0,38,1.0,7.7368421052631575
Shahid Afridi,Delhi Capitals,35.0,18,0.0,11.666666666666666
Shahid Afridi,Mumbai Indians,62.0,50,4.0,7.4399999999999995
Shahid Afridi,Punjab Kings,28.0,18,0.0,9.333333333333334
Shahid Afridi,Rajasthan Royals,39.0,37,3.0,6.324324324324324
Shahid Afridi,Royal Challengers Bangalore,24.0,24,1.0,6.0
Shakib Al Hasan,Kochi Tuskers Kerala,28.0,24,3.0,7.0
Shakib Al Hasan,Mumbai Indians,50.0,46,2.0,6.521739130434782
Shakib Al Hasan,Punjab Kings,28.0,24,1.0,7.0
Shakib Al Hasan,Rajasthan Royals,71.0,74,7.0,5.756756756756756
Shakib Al Hasan,Rising Pune Supergiant,16.0,25,2.0,3.84
Shakib Al Hasan,Royal Challengers Bangalore,51.0,34,2.0,9.0
Shoaib Ahmed,Chennai Super Kings,45.0,31,1.0,8.70967741935484
Shoaib Ahmed,Delhi Capitals,46.0,30,2.0,9.200000000000001
Shoaib Ahmed,Mumbai Indians,19.0,12,0.0,9.5
Shoaib Ahmed,Punjab Kings,25.0,18,2.0,8.333333333333332
Shoaib Ahmed,Rajasthan Royals,19.0,12,0.0,9.5
Shoaib Akhtar,Chennai Super Kings,14.0,14,0.0,6.0
Shoaib Akhtar,Delhi Capitals,11.0,19,4.0,3.473684210526316
Shoaib Akhtar,Mumbai Indians,29.0,13,1.0,13.384615384615385
Shoaib Malik,Chennai Super Kings,39.0,22,0.0,10.636363636363637
Shoaib Malik,Mumbai Indians,6.0,6,1.0,6.0
Shoaib Malik,Punjab Kings,32.0,24,1.0,8.0
Shoaib Malik,Royal Challengers Bangalore,10.0,6,0.0,10.0
Sohail Tanvir,Chennai Super Kings,88.0,75,10.0,7.04
Sohail Tanvir,Delhi Capitals,17.0,14,0.0,7.285714285714285
Sohail Tanvir,Kolkata Knight Riders,59.0,51,5.0,6.9411764705882355
Sohail Tanvir,Mumbai Indians,28.0,48,4.0,3.5
Sohail Tanvir,Royal Challengers Bangalore,42.0,52,3.0,4.846153846153847
Sohail Tanvir,Sunrisers Hyderabad,41.0,25,0.0,9.84
T Henderson,Kolkata Knight Riders,11.0,12,0.0,5.5
T Henderson,Royal Challengers Bangalore,30.0,24,1.0,7.5
T Thushara,Mumbai Indians,49.0,42,3.0,7.0
T Thushara,Punjab Kings,28.0,26,2.0,6.461538461538462
T Thushara,Rajasthan Royals,29.0,25,2.0,6.959999999999999
T Thushara,Royal Challengers Bangalore,31.0,25,1.0,7.4399999999999995
T Thushara,Sunrisers Hyderabad,27.0,26,0.0,6.230769230769232
TG Southee,Kochi Tuskers Kerala,38.0,20,0.0,11.399999999999999
TG Southee,Kolkata Knight Riders,31.0,24,1.0,7.75
TG Southee,Punjab Kings,33.0,24,1.0,8.25
TG Southee,Rising Pune Supergiant,33.0,26,1.0,7.615384615384615
TG Southee,Royal Challengers Bangalore,32.0,25,1.0,7.68
TL Suman,Chennai Super Kings,37.0,24,1.0,9.25
TL Suman,Kolkata Knight Riders,16.0,7,0.0,13.714285714285714
TL Suman,Mumbai Indians,14.0,24,2.0,3.5
TL Suman,Punjab Kings,82.0,67,2.0,7.343283582089552
TL Suman,Royal Challengers Bangalore,18.0,6,0.0,18.0
TL Suman,Sunrisers Hyderabad,15.0,12,0.0,7.5
TM Dilshan,Chennai Super Kings,93.0,67,2.0,8.328358208955224
TM Dilshan,Kochi Tuskers Kerala,38.0,31,1.0,7.35483870967742
TM Dilshan,Kolkata Knight Riders,52.0,49,0.0,6.36734693877551
TM Dilshan,Mumbai Indians,12.0,6,0.0,12.0
TM Dilshan,Punjab Kings,14.0,12,1.0,7.0
TM Dilshan,Rajasthan Royals,15.0,12,0.0,7.5
TM Dilshan,Rising Pune Supergiant,25.0,12,0.0,12.5
TM Dilshan,Royal Challengers Bangalore,3.0,6,1.0,3.0
TM Dilshan,Sunrisers Hyderabad,89.0,60,0.0,8.9
TP Sudhindra,Chennai Super Kings,47.0,26,1.0,10.846153846153847
TP Sudhindra,Delhi Capitals,43.0,23,0.0,11.217391304347826
UT Yadav,Chennai Super Kings,74.0,53,2.0,8.377358490566037
UT Yadav,Kochi Tuskers Kerala,52.0,26,0.0,12.0
UT Yadav,Kolkata Knight Riders,99.0,91,8.0,6.527472527472527
UT Yadav,Mumbai Indians,64.0,62,4.0,6.193548387096774
UT Yadav,Rajasthan Royals,84.0,68,1.0,7.411764705882353
UT Yadav,Rising Pune Supergiant,107.0,74,0.0,8.675675675675677
UT Yadav,Royal Challengers Bangalore,79.0,61,1.0,7.77049180327869
UT Yadav,Sunrisers Hyderabad,94.0,70,3.0,8.057142857142857
Umar Gul,Punjab Kings,53.0,52,6.0,6.115384615384615
Umar Gul,Rajasthan Royals,67.0,51,5.0,7.882352941176471
Umar Gul,Royal Challengers Bangalore,31.0,20,0.0,9.3
Umar Gul,Sunrisers Hyderabad,47.0,30,1.0,9.4
V Kohli,Chennai Super Kings,95.0,56,1.0,10.178571428571429
V Kohli,Delhi Capitals,23.0,19,0.0,7.2631578947368425
V Kohli,Kochi Tuskers Kerala,14.0,12,1.0,7.0
V Kohli,Kolkata Knight Riders,37.0,20,0.0,11.100000000000001
V Kohli,Mumbai Indians,25.0,18,0.0,8.333333333333332
V Kohli,Punjab Kings,54.0,33,0.0,9.818181818181818
V Kohli,Rajasthan Royals,34.0,31,0.0,6.580645161290322
V Kohli,Sunrisers Hyderabad,66.0,56,2.0,7.071428571428571
V Pratap Singh,Chennai Super Kings,36.0,19,2.0,11.368421052631579
V Pratap Singh,Delhi Capitals,31.0,24,1.0,7.75
V Pratap Singh,Kolkata Knight Riders,35.0,25,0.0,8.399999999999999
V Pratap Singh,Mumbai Indians,29.0,25,1.0,6.959999999999999
V Pratap Singh,Punjab Kings,45.0,26,1.0,10.384615384615385
V Pratap Singh,Rising Pune Supergiant,32.0,24,1.0,8.0
V Pratap Singh,Royal Challengers Bangalore,35.0,19,1.0,11.052631578947368
V Sehwag,Chennai Super Kings,69.0,48,3.0,8.625
V Sehwag,Kolkata Knight Riders,7.0,6,0.0,7.0
V Sehwag,Mumbai Indians,2.0,6,1.0,2.0
V Sehwag,Punjab Kings,25.0,13,0.0,11.538461538461538
V Sehwag,Rajasthan Royals,38.0,28,2.0,8.142857142857142
V Sehwag,Rising Pune Supergiant,9.0,6,0.0,9.0
V Sehwag,Royal Challengers Bangalore,31.0,12,0.0,15.5
V Sehwag,Sunrisers Hyderabad,25.0,7,0.0,21.42857142857143
VR Aaron,Chennai Super Kings,21.0,25,1.0,5.04
VR Aaron,Kolkata Knight Riders,27.0,24,1.0,6.75
VR Aaron,Punjab Kings,62.0,52,1.0,7.153846153846153
VR Aaron,Sunrisers Hyderabad,30.0,24,2.0,7.5
VRV Singh,Chennai Super Kings,127.0,71,1.0,10.732394366197184
VRV Singh,Delhi Capitals,67.0,43,3.0,9.348837209302326
VRV Singh,Kolkata Knight Riders,59.0,50,3.0,7.08
VRV Singh,Mumbai Indians,97.0,50,1.0,11.64
VRV Singh,Rajasthan Royals,51.0,48,0.0,6.375
VRV Singh,Royal Challengers Bangalore,72.0,61,3.0,7.081967213114754
VRV Singh,Sunrisers Hyderabad,76.0,48,1.0,9.5
VS Malik,Delhi Capitals,13.0,6,0.0,13.0
VS Malik,Kolkata Knight Riders,64.0,56,1.0,6.857142857142857
VS Malik,Mumbai Indians,33.0,25,1.0,7.92
VS Malik,Royal Challengers Bangalore,29.0,19,0.0,9.157894736842106
VS Malik,Sunrisers Hyderabad,41.0,26,1.0,9.461538461538462
VS Yeligati,Chennai Super Kings,16.0,7,0.0,13.714285714285714
VS Yeligati,Punjab Kings,45.0,25,0.0,10.8
VY Mahesh,Chennai Super Kings,72.0,51,3.0,8.470588235294118
VY Mahesh,Kolkata Knight Riders,45.0,36,2.0,7.5
VY Mahesh,Mumbai Indians,73.0,48,7.0,9.125
VY Mahesh,Punjab Kings,71.0,56,3.0,7.607142857142857
VY Mahesh,Rajasthan Royals,109.0,67,4.0,9.761194029850746
VY Mahesh,Rising Pune Supergiant,24.0,14,1.0,10.285714285714285
VY Mahesh,Royal Challengers Bangalore,54.0,50,0.0,6.48
VY Mahesh,Sunrisers Hyderabad,36.0,25,1.0,8.64
WA Mota,Chennai Super Kings,32.0,26,2.0,7.384615384615385
WA Mota,Delhi Capitals,7.0,6,1.0,7.0
WA Mota,Mumbai Indians,3.0,6,0.0,3.0
WA Mota,Rajasthan Royals,12.0,6,0.0,12.0
WA Mota,Sunrisers Hyderabad,44.0,31,1.0,8.516129032258064
WD Parnell,Delhi Capitals,27.0,14,0.0,11.571428571428571
WD Parnell,Kochi Tuskers Kerala,36.0,25,3.0,8.64
WD Parnell,Kolkata Knight Riders,69.0,51,1.0,8.117647058823529
WD Parnell,Mumbai Indians,67.0,67,1.0,6.0
WD Parnell,Punjab Kings,36.0,48,3.0,4.5
WD Parnell,Rajasthan Royals,12.0,12,1.0,6.0
WD Parnell,Sunrisers Hyderabad,90.0,72,3.0,7.5
WPUJC Vaas,Chennai Super Kings,21.0,24,3.0,5.25
WPUJC Vaas,Delhi Capitals,116.0,94,4.0,7.404255319148936
WPUJC Vaas,Kolkata Knight Riders,73.0,54,5.0,8.11111111111111
WPUJC Vaas,Punjab Kings,28.0,25,2.0,6.720000000000001
WPUJC Vaas,Rajasthan Royals,90.0,67,3.0,8.059701492537314
WPUJC Vaas,Royal Challengers Bangalore,36.0,24,1.0,9.0
Y Gnaneswara Rao,Rajasthan Royals,7.0,6,0.0,7.0
Y Nagar,Kochi Tuskers Kerala,15.0,7,0.0,12.857142857142858
Y Nagar,Punjab Kings,16.0,6,0.0,16.0
Y Nagar,Rising Pune Supergiant,10.0,7,0.0,8.571428571428571
Y Nagar,Royal Challengers Bangalore,23.0,19,3.0,7.2631578947368425
Y Nagar,Sunrisers Hyderabad,61.0,33,1.0,11.09090909090909
Y Venugopal Rao,Chennai Super Kings,35.0,25,1.0,8.399999999999999
Y Venugopal Rao,Delhi Capitals,43.0,26,0.0,9.923076923076923
Y Venugopal Rao,Kolkata Knight Riders,34.0,31,0.0,6.580645161290322
Y Venugopal Rao,Mumbai Indians,59.0,43,2.0,8.232558139534884
Y Venugopal Rao,Punjab Kings,43.0,36,1.0,7.166666666666666
Y Venugopal Rao,Rajasthan Royals,38.0,19,2.0,12.0
Y Venugopal Rao,Rising Pune Supergiant,14.0,6,0.0,14.0
Y Venugopal Rao,Royal Challengers Bangalore,18.0,6,0.0,18.0
Y Venugopal Rao,Sunrisers Hyderabad,12.0,6,0.0,12.0
YA Abdulla,Chennai Super Kings,18.0,12,0.0,9.0
YA Abdulla,Delhi Capitals,50.0,31,1.0,9.677419354838708
YA Abdulla,Kolkata Knight Riders,54.0,38,1.0,8.526315789473685
YA Abdulla,Mumbai Indians,20.0,27,2.0,4.444444444444445
YA Abdulla,Rajasthan Royals,65.0,44,3.0,8.863636363636363
YA Abdulla,Royal Challengers Bangalore,104.0,70,8.0,8.914285714285715
YK Pathan,Chennai Super Kings,234.0,198,8.0,7.090909090909092
YK Pathan,Delhi Capitals,76.0,68,1.0,6.705882352941177
YK Pathan,Kochi Tuskers Kerala,37.0,43,4.0,5.162790697674419
YK Pathan,Kolkata Knight Riders,114.0,97,3.0,7.051546391752577
YK Pathan,Mumbai Indians,112.0,93,0.0,7.225806451612904
YK Pathan,Punjab Kings,171.0,144,5.0,7.125
YK Pathan,Rajasthan Royals,62.0,52,3.0,7.153846153846153
YK Pathan,Rising Pune Supergiant,47.0,37,2.0,7.621621621621621
YK Pathan,Royal Challengers Bangalore,99.0,73,1.0,8.136986301369863
YK Pathan,Sunrisers Hyderabad,168.0,147,7.0,6.857142857142857
Yuvraj Singh,Chennai Super Kings,57.0,43,1.0,7.953488372093023
Yuvraj Singh,Delhi Capitals,87.0,92,6.0,5.673913043478261
Yuvraj Singh,Kochi Tuskers Kerala,12.0,6,0.0,12.0
Yuvraj Singh,Kolkata Knight Riders,34.0,24,0.0,8.5
Yuvraj Singh,Mumbai Indians,70.0,66,4.0,6.363636363636363
Yuvraj Singh,Punjab Kings,18.0,12,0.0,9.0
Yuvraj Singh,Rajasthan Royals,59.0,36,0.0,9.833333333333332
Yuvraj Singh,Royal Challengers Bangalore,109.0,92,3.0,7.108695652173912
Yuvraj Singh,Sunrisers Hyderabad,129.0,120,9.0,6.449999999999999
Z Khan,Chennai Super Kings,299.0,224,10.0,8.008928571428571
Z Khan,Delhi Capitals,191.0,118,3.0,9.711864406779661
Z Khan,Kochi Tuskers Kerala,57.0,48,2.0,7.125
Z Khan,Kolkata Knight Riders,287.0,207,12.0,8.318840579710145
Z Khan,Mumbai Indians,107.0,98,3.0,6.551020408163265
Z Khan,Punjab Kings,253.0,197,8.0,7.7055837563451774
Z Khan,Rajasthan Royals,192.0,173,5.0,6.658959537572254
Z Khan,Rising Pune Supergiant,69.0,50,1.0,8.28
Z Khan,Royal Challengers Bangalore,96.0,86,3.0,6.697674418604651
Z Khan,Sunrisers Hyderabad,154.0,129,10.0,7.162790697674418
